timeStamp,open,high,low,close,vol
2022.09.01 00:00,1569.65,1578.15,1567.65,1577.5,9709.14
2022.09.01 00:15,1577.5,1581.55,1572.95,1578.05,8429.71
2022.09.01 00:30,1578.05,1579.3,1569.05,1570.85,5930.12
2022.09.01 00:45,1570.85,1580,1564.05,1578.7,7044.36
2022.09.01 01:00,1578.7,1584,1564.5,1565.95,15012.67
2022.09.01 01:15,1565.95,1566.65,1553.15,1559.8,23055.89
2022.09.01 01:30,1559.8,1562.4,1555.05,1559.3,9223.21
2022.09.01 01:45,1559.3,1569.15,1557.75,1567.95,13016.32
2022.09.01 02:00,1567.95,1567.95,1554.15,1555.45,15018.29
2022.09.01 02:15,1555.45,1558,1550.1,1552.25,12926.55
2022.09.01 02:30,1552.25,1553.7,1541.5,1547.05,21442.68
2022.09.01 02:45,1547.05,1554.5,1546.75,1553.5,15165.4
2022.09.01 03:00,1553.5,1565.75,1549.2,1562.5,20379.93
2022.09.01 03:15,1562.5,1565.45,1552.85,1557.85,12974.11
2022.09.01 03:30,1557.85,1561.5,1533.45,1534.05,32763.67
2022.09.01 03:45,1534.05,1553.95,1533,1550.3,27863.24
2022.09.01 04:00,1550.3,1559.25,1548.15,1548.2,17041.07
2022.09.01 04:15,1548.2,1556.25,1546.45,1553.4,12265.51
2022.09.01 04:30,1553.4,1563.7,1550.7,1561.45,12015.56
2022.09.01 04:45,1561.45,1563.9,1558.1,1558.8,6860.42
2022.09.01 05:00,1558.8,1573,1558.8,1569.75,17385.58
2022.09.01 05:15,1569.75,1572.85,1567.05,1570.65,10402.19
2022.09.01 05:30,1570.65,1572.2,1558.85,1560.2,14648.79
2022.09.01 05:45,1560.2,1560.4,1550.3,1556.3,15175.27
2022.09.01 06:00,1556.3,1562.9,1553.65,1557,14201.52
2022.09.01 06:15,1557,1560.75,1551.75,1554.7,6660.14
2022.09.01 06:30,1554.7,1555.95,1544.35,1544.4,11566.6
2022.09.01 06:45,1544.4,1554,1535.5,1548.75,30040.9
2022.09.01 07:00,1548.75,1554.25,1542.4,1544.3,9160.67
2022.09.01 07:15,1544.3,1552.35,1541.55,1550.25,8576.88
2022.09.01 07:30,1550.25,1554.85,1550.05,1553.25,4230.17
2022.09.01 07:45,1553.25,1556.3,1548.3,1550.6,8195.34
2022.09.01 08:00,1550.6,1559.05,1547.55,1558.8,8444.18
2022.09.01 08:15,1558.8,1562.15,1557.35,1560.1,10371.56
2022.09.01 08:30,1560.1,1560.6,1555.5,1558.8,8218.07
2022.09.01 08:45,1558.8,1559.15,1550.05,1552.4,6926.69
2022.09.01 09:00,1552.4,1554.3,1546.95,1550.1,12462.07
2022.09.01 09:15,1550.1,1552.65,1543.55,1552.6,10872.35
2022.09.01 09:30,1552.6,1555,1550.35,1550.7,6092.88
2022.09.01 09:45,1550.7,1553.25,1545.45,1549.65,7451.07
2022.09.01 10:00,1549.65,1549.65,1538.65,1544.45,18910.8
2022.09.01 10:15,1544.45,1547.85,1537.55,1538.65,12589.07
2022.09.01 10:30,1538.65,1542.7,1530.05,1541.9,24153.97
2022.09.01 10:45,1541.9,1545.6,1539.5,1543.95,8633.6
2022.09.01 11:00,1543.95,1548.45,1537.85,1548.45,10808.09
2022.09.01 11:15,1548.45,1548.95,1541.8,1541.85,6695.36
2022.09.01 11:30,1541.85,1545.25,1532.25,1540.15,18453.31
2022.09.01 11:45,1540.15,1547,1537.6,1546.8,9236.32
2022.09.01 12:00,1546.8,1554,1542.1,1542.2,18231.86
2022.09.01 12:15,1542.2,1546.35,1537.85,1545.35,19051.24
2022.09.01 12:30,1545.35,1547,1541.55,1547,9885.79
2022.09.01 12:45,1547,1552.75,1544.45,1549.15,11539.44
2022.09.01 13:00,1549.15,1551.6,1546.6,1551.6,7958.4
2022.09.01 13:15,1551.6,1556.8,1548.55,1552.9,14368.73
2022.09.01 13:30,1552.9,1561.8,1551.35,1559.55,14708.71
2022.09.01 13:45,1559.55,1566.8,1555.6,1564.4,19627.35
2022.09.01 14:00,1564.4,1569.5,1558.5,1562.5,21165.23
2022.09.01 14:15,1562.5,1569.3,1560.2,1564.15,12761.88
2022.09.01 14:30,1564.15,1583.55,1563.45,1579.75,46787.92
2022.09.01 14:45,1579.75,1585.3,1575.75,1576.85,21282.65
2022.09.01 15:00,1576.85,1580.45,1570.75,1570.8,16595.89
2022.09.01 15:15,1570.8,1574.45,1562.05,1567.25,21830.18
2022.09.01 15:30,1567.25,1573.05,1551,1557.9,40776.81
2022.09.01 15:45,1557.9,1567.7,1556.55,1564,15142.76
2022.09.01 16:00,1564,1567.5,1558.35,1559.75,13461.27
2022.09.01 16:15,1559.75,1562.3,1555.15,1558.55,10660.21
2022.09.01 16:30,1558.55,1576.25,1553.6,1570.65,40547.57
2022.09.01 16:45,1570.65,1573.6,1555.6,1567,37076.66
2022.09.01 17:00,1567,1570.35,1541.5,1543.15,51692.3
2022.09.01 17:15,1543.15,1551.35,1534.7,1550.65,58336.11
2022.09.01 17:30,1550.65,1551.6,1538.1,1539.65,23361.53
2022.09.01 17:45,1539.65,1542.7,1505,1517.4,111825.39
2022.09.01 18:00,1517.4,1534.55,1512.05,1531.25,46841.6
2022.09.01 18:15,1531.25,1531.95,1525.15,1527.35,16294.61
2022.09.01 18:30,1527.35,1546.2,1527,1534.95,31988.17
2022.09.01 18:45,1534.95,1538,1530.35,1535,21234.54
2022.09.01 19:00,1535,1539.95,1531.45,1537.4,13799.38
2022.09.01 19:15,1537.4,1541.45,1531.6,1535,13258.71
2022.09.01 19:30,1535,1535.05,1522.45,1531.05,26075.18
2022.09.01 19:45,1531.05,1539.55,1524.15,1538.35,30078.53
2022.09.01 20:00,1538.35,1547.65,1535.4,1546.15,20458.98
2022.09.01 20:15,1546.15,1566.75,1542.25,1565.65,41761.94
2022.09.01 20:30,1565.65,1568.3,1555.05,1558.3,26634.66
2022.09.01 20:45,1558.3,1558.3,1551.3,1554.35,16838.49
2022.09.01 21:00,1554.35,1558.7,1551.75,1557.8,11606.24
2022.09.01 21:15,1557.8,1567.55,1555.85,1564.65,17054.34
2022.09.01 21:30,1564.65,1573.7,1559,1561.7,27894.49
2022.09.01 21:45,1561.7,1563.4,1554.85,1558.75,15972.66
2022.09.01 22:00,1558.75,1569.1,1557.9,1565.15,12972.7
2022.09.01 22:15,1565.15,1565.5,1555.3,1557.2,10688.22
2022.09.01 22:30,1557.2,1561.1,1556.7,1560.45,5683.75
2022.09.01 22:45,1560.45,1564.55,1557.2,1564,5423.95
2022.09.01 23:00,1564,1580.2,1561.15,1572,36683.4
2022.09.01 23:15,1572,1580.85,1571.9,1575.1,19936.31
2022.09.01 23:30,1575.1,1577.4,1572.3,1573.2,6722.56
2022.09.01 23:45,1573.2,1586.3,1572.1,1579.3,19529.92
2022.09.02 00:00,1579.3,1585.6,1577.4,1585.6,14380.55
2022.09.02 00:15,1585.6,1595.8,1580.5,1581.1,34496.75
2022.09.02 00:30,1581.1,1586.8,1577.8,1578.95,8629.57
2022.09.02 00:45,1578.95,1584.45,1575.4,1580.65,9390.7
2022.09.02 01:00,1580.65,1600,1580.6,1595.85,24097.58
2022.09.02 01:15,1595.85,1595.95,1585.8,1586.3,10242.18
2022.09.02 01:30,1586.3,1588.55,1582.2,1583.95,8069.55
2022.09.02 01:45,1583.95,1588,1583.3,1585.95,5162.59
2022.09.02 02:00,1585.95,1587.6,1581,1585.2,7561.98
2022.09.02 02:15,1585.2,1590.4,1583.3,1585.4,5449.39
2022.09.02 02:30,1585.4,1589.35,1581.9,1587.7,6260.44
2022.09.02 02:45,1587.7,1588.1,1582.65,1585.35,6161.97
2022.09.02 03:00,1585.35,1585.65,1576.55,1581.75,17262.4
2022.09.02 03:15,1581.75,1581.75,1571.4,1578.6,16034.1
2022.09.02 03:30,1578.6,1579,1575.2,1577.05,8258.4
2022.09.02 03:45,1577.05,1583.25,1576.25,1580.85,5541.82
2022.09.02 04:00,1580.85,1582.35,1570.6,1573.75,10880.43
2022.09.02 04:15,1573.75,1581.25,1572.1,1579.5,8128.72
2022.09.02 04:30,1579.5,1580.1,1576.2,1576.5,4364.86
2022.09.02 04:45,1576.5,1579.7,1574.95,1578.9,4282.56
2022.09.02 05:00,1578.9,1583.55,1572,1573.65,18686.93
2022.09.02 05:15,1573.65,1576.4,1566.8,1570.35,11937.71
2022.09.02 05:30,1570.35,1574.7,1570.3,1573.3,5527.21
2022.09.02 05:45,1573.3,1578.6,1573.25,1577.25,5386.91
2022.09.02 06:00,1577.25,1604.4,1576.85,1596.05,52655.89
2022.09.02 06:15,1596.05,1605.75,1589.9,1594,22801
2022.09.02 06:30,1594,1601.95,1591.35,1601.7,14119.35
2022.09.02 06:45,1601.7,1602.65,1594.85,1594.9,7814.87
2022.09.02 07:00,1594.9,1598.2,1591.9,1593.6,7018.17
2022.09.02 07:15,1593.6,1610.4,1593.55,1600,32530.01
2022.09.02 07:30,1600,1600.5,1594.65,1595.6,7175.16
2022.09.02 07:45,1595.6,1595.6,1590.85,1593.3,10394.22
2022.09.02 08:00,1593.3,1593.85,1588.1,1591.25,7317.77
2022.09.02 08:15,1591.25,1591.25,1586.6,1587,9802.39
2022.09.02 08:30,1587,1592.7,1585.55,1587.6,8784.55
2022.09.02 08:45,1587.6,1593.05,1587.15,1590.6,5823.19
2022.09.02 09:00,1590.6,1591.65,1577.35,1583.95,19928.74
2022.09.02 09:15,1583.95,1586.15,1583.05,1584.15,4638.79
2022.09.02 09:30,1584.15,1588,1583.6,1585.85,5845.28
2022.09.02 09:45,1585.85,1591.25,1585.55,1587.8,6954.97
2022.09.02 10:00,1587.8,1588.35,1580.65,1585.95,10779.22
2022.09.02 10:15,1585.95,1595.3,1585.95,1592.35,9631.17
2022.09.02 10:30,1592.35,1594,1589.3,1592.3,5349.23
2022.09.02 10:45,1592.3,1596.55,1592,1593.25,6378.29
2022.09.02 11:00,1593.25,1597.05,1588.15,1589.1,8680.66
2022.09.02 11:15,1589.1,1591.2,1585.3,1589.2,6629.99
2022.09.02 11:30,1589.2,1590.75,1584.2,1586.55,5844.69
2022.09.02 11:45,1586.55,1590.45,1583.65,1589.35,6734.99
2022.09.02 12:00,1589.35,1590.9,1585.7,1587.15,4231.84
2022.09.02 12:15,1587.15,1596.8,1586.35,1595.25,10680.02
2022.09.02 12:30,1595.25,1595.5,1589.75,1591.05,3926.41
2022.09.02 12:45,1591.05,1595.6,1591.05,1593.05,3263.3
2022.09.02 13:00,1593.05,1596.95,1591.55,1596.5,5589.66
2022.09.02 13:15,1596.5,1602.25,1588.5,1589.5,17421.12
2022.09.02 13:30,1589.5,1591.05,1581.15,1586.8,14138.17
2022.09.02 13:45,1586.8,1590.85,1584.2,1588.5,8313.66
2022.09.02 14:00,1588.5,1589.7,1582,1584.75,9250.51
2022.09.02 14:15,1584.75,1586.4,1581.5,1585.35,4471.6
2022.09.02 14:30,1585.35,1588.35,1582,1588.25,4881.95
2022.09.02 14:45,1588.25,1593.5,1587.35,1592.3,9389.08
2022.09.02 15:00,1592.3,1597.4,1589.4,1592.1,13895.49
2022.09.02 15:15,1592.1,1605.35,1585.35,1593.95,37427.63
2022.09.02 15:30,1593.95,1642.95,1565,1619.5,281882.27
2022.09.02 15:45,1619.5,1626.45,1606.05,1622.85,69014.62
2022.09.02 16:00,1622.85,1639.8,1619.8,1631.65,49668.76
2022.09.02 16:15,1631.65,1643.85,1631.35,1638.7,34447.83
2022.09.02 16:30,1638.7,1641.7,1627.7,1630,35913.19
2022.09.02 16:45,1630,1637.25,1626.55,1628.15,23820.98
2022.09.02 17:00,1628.15,1637.5,1620.45,1635.5,34115.05
2022.09.02 17:15,1635.5,1638.6,1630.55,1637.15,14260.39
2022.09.02 17:30,1637.15,1647.95,1635.8,1640.5,44827.51
2022.09.02 17:45,1640.5,1640.9,1633.6,1636.05,14345.93
2022.09.02 18:00,1636.05,1642.3,1635.3,1638.15,11013.79
2022.09.02 18:15,1638.15,1638.75,1631,1633.55,12485.71
2022.09.02 18:30,1633.55,1635.2,1628.9,1630.55,13347.13
2022.09.02 18:45,1630.55,1638,1630.1,1635.5,8761.22
2022.09.02 19:00,1635.5,1638.35,1632.1,1634.2,8439.82
2022.09.02 19:15,1634.2,1634.2,1623,1623.3,17093.06
2022.09.02 19:30,1623.3,1626.05,1613.5,1613.85,29227.22
2022.09.02 19:45,1613.85,1616.6,1603.3,1609.45,38099.83
2022.09.02 20:00,1609.45,1609.45,1597,1604.35,30981.68
2022.09.02 20:15,1604.35,1611.8,1586.25,1591.25,58617.66
2022.09.02 20:30,1591.25,1595,1585.5,1592.7,25087.53
2022.09.02 20:45,1592.7,1596.05,1579.2,1582.6,31637.3
2022.09.02 21:00,1582.6,1588.85,1571.65,1574.3,41165.66
2022.09.02 21:15,1574.3,1582.75,1570,1580.5,35353.14
2022.09.02 21:30,1580.5,1587.45,1572.3,1584.05,22028.32
2022.09.02 21:45,1584.05,1584.1,1574.6,1576.9,18637.05
2022.09.02 22:00,1576.9,1580.35,1574.3,1579.15,9275.83
2022.09.02 22:15,1579.15,1580,1550,1558.5,58802.91
2022.09.02 22:30,1558.5,1558.5,1543.5,1550.1,35639.79
2022.09.02 22:45,1550.1,1561.7,1548.35,1560.8,29441.41
2022.09.02 23:00,1560.8,1560.8,1550.2,1557.2,19118.19
2022.09.02 23:15,1557.2,1560.9,1555,1560.35,11440.78
2022.09.02 23:30,1560.35,1561.1,1556.1,1557.95,10078.34
2022.09.02 23:45,1557.95,1568.05,1557.5,1567.7,12013.51
2022.09.03 00:00,1567.7,1574.75,1566.45,1573.45,21376.83
2022.09.03 00:15,1573.45,1577.15,1571.05,1571.05,10214.85
2022.09.03 00:30,1571.05,1583.25,1571.05,1580.1,13253.59
2022.09.03 00:45,1580.1,1583.8,1575.7,1578.85,9036.2
2022.09.03 01:00,1578.85,1586,1576.65,1581.65,10828.19
2022.09.03 01:15,1581.65,1581.65,1571.25,1575,11322.01
2022.09.03 01:30,1575,1578.4,1567.15,1572.4,17903.12
2022.09.03 01:45,1572.4,1583.6,1570.85,1579.6,16974.28
2022.09.03 02:00,1579.6,1581,1574.5,1579.3,6906.6
2022.09.03 02:15,1579.3,1580.5,1574.8,1577.4,5324.29
2022.09.03 02:30,1577.4,1577.8,1573.6,1574.15,4752.7
2022.09.03 02:45,1574.15,1578.3,1571.5,1574.1,5916.2
2022.09.03 03:00,1574.1,1574.3,1563.95,1568.2,15908.22
2022.09.03 03:15,1568.2,1575,1567.55,1572.85,5529.24
2022.09.03 03:30,1572.85,1581.4,1570.1,1579.1,13659.08
2022.09.03 03:45,1579.1,1579.35,1575.55,1575.8,5491.41
2022.09.03 04:00,1575.8,1577,1567.15,1570.85,10804.95
2022.09.03 04:15,1570.85,1574.6,1570.75,1573.4,4008.53
2022.09.03 04:30,1573.4,1574.15,1568.55,1571.15,4858.75
2022.09.03 04:45,1571.15,1573.35,1570.3,1572.55,2829.85
2022.09.03 05:00,1572.55,1572.7,1567.6,1568.95,5029.27
2022.09.03 05:15,1568.95,1569,1559.2,1564.5,17246.95
2022.09.03 05:30,1564.5,1571.05,1562.7,1569.4,7787.65
2022.09.03 05:45,1569.4,1570.05,1564.7,1566.7,5791.37
2022.09.03 06:00,1566.7,1566.7,1555.1,1555.35,17356.1
2022.09.03 06:15,1555.35,1561.75,1553,1554.15,14604.01
2022.09.03 06:30,1554.15,1563.45,1554.05,1561.9,11903.21
2022.09.03 06:45,1561.9,1563.65,1557.8,1560.5,4393.02
2022.09.03 07:00,1560.5,1565.95,1557.6,1564.15,5868.51
2022.09.03 07:15,1564.15,1564.4,1561,1564,4294.3
2022.09.03 07:30,1564,1566.75,1561.25,1561.7,4695.07
2022.09.03 07:45,1561.7,1564.4,1560.15,1564.2,3592.95
2022.09.03 08:00,1564.2,1568.8,1564.15,1568.25,5808.61
2022.09.03 08:15,1568.25,1568.3,1564.85,1565.7,2783.42
2022.09.03 08:30,1565.7,1568.65,1565.7,1568.3,5109.41
2022.09.03 08:45,1568.3,1572.35,1566.7,1569.9,8531.87
2022.09.03 09:00,1569.9,1570.75,1564.8,1566.35,10488.56
2022.09.03 09:15,1566.35,1567.35,1557.25,1560.5,14722.52
2022.09.03 09:30,1560.5,1564.35,1560,1563.4,6666.13
2022.09.03 09:45,1563.4,1567.1,1562.55,1563.35,4458.98
2022.09.03 10:00,1563.35,1566.55,1560.55,1560.95,3764.62
2022.09.03 10:15,1560.95,1563.8,1559.6,1562.95,3552.99
2022.09.03 10:30,1562.95,1564.25,1555,1557.6,7498.47
2022.09.03 10:45,1557.6,1559.2,1532.8,1542.9,71839.27
2022.09.03 11:00,1542.9,1546.9,1539.15,1542.25,17010.78
2022.09.03 11:15,1542.25,1551.1,1540.5,1548.5,11496.96
2022.09.03 11:30,1548.5,1548.55,1543.15,1546.3,9702.98
2022.09.03 11:45,1546.3,1548.45,1542.35,1543.25,9532.78
2022.09.03 12:00,1543.25,1551.55,1538.25,1547.8,17963.08
2022.09.03 12:15,1547.8,1553.1,1547.15,1550.95,6824.8
2022.09.03 12:30,1550.95,1553.85,1547.6,1548.45,9369.15
2022.09.03 12:45,1548.45,1551.8,1546.5,1550.7,3969.79
2022.09.03 13:00,1550.7,1557.55,1550.45,1556.45,11673.1
2022.09.03 13:15,1556.45,1558.85,1553.7,1555.5,7519.03
2022.09.03 13:30,1555.5,1555.5,1549.7,1551.15,5877.27
2022.09.03 13:45,1551.15,1557.3,1550.05,1554.7,6515.43
2022.09.03 14:00,1554.7,1555.25,1552.3,1553.45,2919.22
2022.09.03 14:15,1553.45,1553.45,1544.8,1550.5,14251.05
2022.09.03 14:30,1550.5,1550.85,1547,1548.65,3778.49
2022.09.03 14:45,1548.65,1549.25,1542.4,1547.75,10094.66
2022.09.03 15:00,1547.75,1554.7,1545.3,1553.45,8522.2
2022.09.03 15:15,1553.45,1556.4,1549.15,1554.15,11505.14
2022.09.03 15:30,1554.15,1558.1,1552,1552.35,9368.33
2022.09.03 15:45,1552.35,1556.75,1550.9,1556.7,7521.18
2022.09.03 16:00,1556.7,1558,1553.5,1554.55,5859.24
2022.09.03 16:15,1554.55,1557.3,1552.4,1554.7,4055.32
2022.09.03 16:30,1554.7,1557.4,1553.35,1556.9,5115.92
2022.09.03 16:45,1556.9,1566.75,1556.9,1560.4,24129.29
2022.09.03 17:00,1560.4,1560.9,1552.55,1554.8,9947.75
2022.09.03 17:15,1554.8,1555.5,1544.6,1546.45,18059.28
2022.09.03 17:30,1546.45,1552.35,1545.45,1551.4,9235.65
2022.09.03 17:45,1551.4,1552.7,1547.65,1549.15,6312.99
2022.09.03 18:00,1549.15,1551.9,1542.35,1547.25,12642.67
2022.09.03 18:15,1547.25,1551.2,1547.15,1549.5,7518.47
2022.09.03 18:30,1549.5,1551,1546.75,1547.95,5480.59
2022.09.03 18:45,1547.95,1548.7,1543.2,1547.45,12035.85
2022.09.03 19:00,1547.45,1551.7,1545,1548.1,8828.53
2022.09.03 19:15,1548.1,1551.6,1547.5,1550.55,4200.8
2022.09.03 19:30,1550.55,1554.6,1550.3,1552.25,5962.84
2022.09.03 19:45,1552.25,1553.6,1548.75,1549.25,6212.35
2022.09.03 20:00,1549.25,1549.7,1545,1548.25,9597.51
2022.09.03 20:15,1548.25,1549.4,1545.65,1548.35,4848.38
2022.09.03 20:30,1548.35,1551.9,1546.25,1550.6,4858.05
2022.09.03 20:45,1550.6,1554.55,1550.15,1553.05,6357.27
2022.09.03 21:00,1553.05,1557,1552.15,1555.6,10612.48
2022.09.03 21:15,1555.6,1556.75,1552.25,1552.7,2700.54
2022.09.03 21:30,1552.7,1555.6,1552.1,1555.6,1758.5
2022.09.03 21:45,1555.6,1556.6,1548.2,1550.15,8589.97
2022.09.03 22:00,1550.15,1550.9,1534.45,1540.6,34414.85
2022.09.03 22:15,1540.6,1554.15,1537.35,1553.2,19280.15
2022.09.03 22:30,1553.2,1563.7,1553.2,1554.75,27715.11
2022.09.03 22:45,1554.75,1554.75,1546.45,1548.75,12587.78
2022.09.03 23:00,1548.75,1552.7,1545.65,1549.5,12561.96
2022.09.03 23:15,1549.5,1551.65,1547.15,1550.5,4251.15
2022.09.03 23:30,1550.5,1551.75,1546.15,1551.7,4917.56
2022.09.03 23:45,1551.7,1553.25,1550.6,1552.05,3537.8
2022.09.04 00:00,1552.05,1554.8,1551.4,1554.75,3507.58
2022.09.04 00:15,1554.75,1554.85,1551,1552.6,2090.88
2022.09.04 00:30,1552.6,1555.2,1552.45,1553.9,2045.91
2022.09.04 00:45,1553.9,1554.1,1550.15,1550.95,3418.34
2022.09.04 01:00,1550.95,1557.1,1550.95,1556.2,7869.97
2022.09.04 01:15,1556.2,1558.85,1555.15,1557.6,6533.87
2022.09.04 01:30,1557.6,1560.25,1555.1,1556.8,4154.26
2022.09.04 01:45,1556.8,1557.15,1553.65,1554.65,3357.77
2022.09.04 02:00,1554.65,1555.5,1554.05,1554.4,1894.65
2022.09.04 02:15,1554.4,1555.5,1552,1552.75,3603.39
2022.09.04 02:30,1552.75,1554,1548.85,1553.45,5778.32
2022.09.04 02:45,1553.45,1557.65,1552.7,1556.65,6020.56
2022.09.04 03:00,1556.65,1558.6,1553.25,1555.6,5084.37
2022.09.04 03:15,1555.6,1561.15,1553.05,1558.35,6432.95
2022.09.04 03:30,1558.35,1560.05,1555.8,1558.8,5567.68
2022.09.04 03:45,1558.8,1559,1556,1556.55,2448.47
2022.09.04 04:00,1556.55,1560.25,1554.5,1555.45,4387.6
2022.09.04 04:15,1555.45,1555.55,1551.95,1554.8,2566.92
2022.09.04 04:30,1554.8,1558.3,1554.6,1555.75,3048.8
2022.09.04 04:45,1555.75,1555.75,1552.6,1554.35,3019.36
2022.09.04 05:00,1554.35,1555.15,1552.5,1554.05,3660.39
2022.09.04 05:15,1554.05,1557.65,1553.25,1556.45,3010.76
2022.09.04 05:30,1556.45,1557,1553,1555.2,3347.9
2022.09.04 05:45,1555.2,1555.25,1552.35,1552.55,1641.67
2022.09.04 06:00,1552.55,1554.8,1550.7,1553.6,4317.4
2022.09.04 06:15,1553.6,1554,1546.85,1548.2,7524.55
2022.09.04 06:30,1548.2,1550.85,1547.75,1550.35,4225.58
2022.09.04 06:45,1550.35,1551.95,1549,1551.5,2745.83
2022.09.04 07:00,1551.5,1554,1550.55,1550.7,3078.17
2022.09.04 07:15,1550.7,1553.05,1550.45,1551.95,2013.28
2022.09.04 07:30,1551.95,1553,1548.9,1552.95,3004.9
2022.09.04 07:45,1552.95,1556.35,1551.55,1555.55,4991.1
2022.09.04 08:00,1555.55,1555.75,1553.4,1553.85,1990.85
2022.09.04 08:15,1553.85,1554.45,1551.5,1552.75,3786.68
2022.09.04 08:30,1552.75,1554.5,1552.25,1554.45,1621.54
2022.09.04 08:45,1554.45,1555.5,1552,1552,2026.81
2022.09.04 09:00,1552,1553.9,1551.5,1553.9,1462.24
2022.09.04 09:15,1553.9,1553.9,1549.4,1549.4,3353.76
2022.09.04 09:30,1549.4,1550.9,1545.25,1550.1,10319.35
2022.09.04 09:45,1550.1,1550.85,1542.55,1548.25,12840.53
2022.09.04 10:00,1548.25,1548.4,1545,1545.2,5262.64
2022.09.04 10:15,1545.2,1550.1,1543.2,1548.7,7184.72
2022.09.04 10:30,1548.7,1550.05,1546.15,1547.2,5738.55
2022.09.04 10:45,1547.2,1548.05,1543.05,1545,5603.03
2022.09.04 11:00,1545,1550,1540,1548.85,15661.26
2022.09.04 11:15,1548.85,1549.6,1544.95,1546.1,7057.28
2022.09.04 11:30,1546.1,1554.3,1544.9,1553.4,11584.05
2022.09.04 11:45,1553.4,1554.9,1550.85,1552.75,5970.34
2022.09.04 12:00,1552.75,1559.65,1552.1,1555.85,16137.94
2022.09.04 12:15,1555.85,1557.1,1552.8,1554.5,5575.74
2022.09.04 12:30,1554.5,1555.7,1552.85,1554.5,2458.9
2022.09.04 12:45,1554.5,1555.55,1552,1552,3506.32
2022.09.04 13:00,1552,1553.55,1551.4,1551.9,4943.36
2022.09.04 13:15,1551.9,1555.8,1549,1554.9,10309.56
2022.09.04 13:30,1554.9,1557,1554.6,1556.3,6495.01
2022.09.04 13:45,1556.3,1556.8,1553.05,1554,2866.53
2022.09.04 14:00,1554,1554.4,1551.65,1551.65,3722.54
2022.09.04 14:15,1551.65,1554.6,1550.35,1554.3,4562.49
2022.09.04 14:30,1554.3,1555.3,1553.05,1555.25,2598.46
2022.09.04 14:45,1555.25,1563.55,1554.3,1563.55,10141.91
2022.09.04 15:00,1563.55,1584,1555.5,1556.9,70050.97
2022.09.04 15:15,1556.9,1568.5,1556.15,1565,19601.23
2022.09.04 15:30,1565,1568.75,1563.5,1567.65,8376.01
2022.09.04 15:45,1567.65,1570.9,1562.4,1570.1,11599.21
2022.09.04 16:00,1570.1,1571.55,1564.4,1566.1,9651.64
2022.09.04 16:15,1566.1,1566.55,1558.8,1561.4,11655.47
2022.09.04 16:30,1561.4,1562.85,1556.4,1558.3,10876.78
2022.09.04 16:45,1558.3,1559.85,1545.1,1548.25,35225.69
2022.09.04 17:00,1548.25,1553.8,1542.5,1552.35,26041.62
2022.09.04 17:15,1552.35,1554.1,1548.8,1551.2,8059.89
2022.09.04 17:30,1551.2,1552.95,1549.15,1550.65,3810.98
2022.09.04 17:45,1550.65,1553.5,1550,1553.2,3076.68
2022.09.04 18:00,1553.2,1557.1,1553.2,1555,9835.1
2022.09.04 18:15,1555,1555.7,1552.7,1555.55,2813.73
2022.09.04 18:30,1555.55,1557,1550.25,1552.95,5441.72
2022.09.04 18:45,1552.95,1561.25,1552.7,1559.75,10220.57
2022.09.04 19:00,1559.75,1561.75,1554.1,1557.05,9494.27
2022.09.04 19:15,1557.05,1558.7,1555.4,1557.3,3063.48
2022.09.04 19:30,1557.3,1568.1,1557.2,1565,18796.43
2022.09.04 19:45,1565,1569.9,1565,1566.6,17392.43
2022.09.04 20:00,1566.6,1576.15,1566.55,1568.85,19496.36
2022.09.04 20:15,1568.85,1572.9,1564.05,1567.25,15803.88
2022.09.04 20:30,1567.25,1570.5,1564.6,1567.25,6751.73
2022.09.04 20:45,1567.25,1569.8,1565.35,1569.2,6689.42
2022.09.04 21:00,1569.2,1569.25,1565.35,1565.75,5405.91
2022.09.04 21:15,1565.75,1571.95,1565.7,1569.6,6123.65
2022.09.04 21:30,1569.6,1572.25,1562.15,1564.2,11783.5
2022.09.04 21:45,1564.2,1567.05,1561,1564.85,9236.91
2022.09.04 22:00,1564.85,1566.9,1560.95,1566.05,6132.89
2022.09.04 22:15,1566.05,1569.25,1564.6,1567.7,5260.15
2022.09.04 22:30,1567.7,1568.2,1564.2,1567.35,4156.96
2022.09.04 22:45,1567.35,1567.4,1565.2,1566.3,1870.92
2022.09.04 23:00,1566.3,1568.45,1562.6,1567.1,5038.91
2022.09.04 23:15,1567.1,1568.8,1565.45,1567.85,3399.41
2022.09.04 23:30,1567.85,1573.6,1567.7,1569.75,5661.31
2022.09.04 23:45,1569.75,1571.65,1567.9,1570.1,3497.22
2022.09.05 00:00,1570.1,1573.2,1568.9,1568.9,8934.63
2022.09.05 00:15,1568.9,1582.85,1568.9,1575.55,12048.76
2022.09.05 00:30,1575.55,1577.85,1570.5,1570.55,6064.53
2022.09.05 00:45,1570.55,1575.4,1561.15,1570.35,14203.33
2022.09.05 01:00,1570.35,1571.6,1565.55,1565.65,12056.69
2022.09.05 01:15,1565.65,1569.2,1563.4,1569.1,7177.04
2022.09.05 01:30,1569.1,1571.5,1568.35,1569.05,4467.09
2022.09.05 01:45,1569.05,1569.1,1564.95,1566.15,3178.87
2022.09.05 02:00,1566.15,1569.3,1565.95,1568.6,2561.09
2022.09.05 02:15,1568.6,1577.45,1565.45,1573.95,14745.97
2022.09.05 02:30,1573.95,1579.6,1572.3,1577.55,16273.69
2022.09.05 02:45,1577.55,1578.6,1572.35,1578.5,5826.52
2022.09.05 03:00,1578.5,1593,1575.6,1581.15,40736.48
2022.09.05 03:15,1581.15,1581.15,1572.5,1575.65,10030.53
2022.09.05 03:30,1575.65,1575.85,1570.05,1570.9,7983.49
2022.09.05 03:45,1570.9,1575.3,1570.85,1574.45,4627.47
2022.09.05 04:00,1574.45,1583,1574.45,1582.6,9059.56
2022.09.05 04:15,1582.6,1582.75,1577.15,1578.6,5499.25
2022.09.05 04:30,1578.6,1580.95,1573.5,1573.55,6123.68
2022.09.05 04:45,1573.55,1575.15,1568.75,1572.1,10138.07
2022.09.05 05:00,1572.1,1573.5,1568.05,1571.3,7618.41
2022.09.05 05:15,1571.3,1573.7,1569.65,1572.6,4947.55
2022.09.05 05:30,1572.6,1576.85,1572.3,1576.1,4801.65
2022.09.05 05:45,1576.1,1577.15,1573.1,1575.3,4592.57
2022.09.05 06:00,1575.3,1575.7,1568.45,1569.95,5433.45
2022.09.05 06:15,1569.95,1576.4,1569.95,1574.9,5182.53
2022.09.05 06:30,1574.9,1577.45,1574.3,1575.85,3374.95
2022.09.05 06:45,1575.85,1577.35,1573.75,1574.45,2862.04
2022.09.05 07:00,1574.45,1579.45,1574,1578.15,5258.87
2022.09.05 07:15,1578.15,1578.25,1575.5,1576.2,1864.32
2022.09.05 07:30,1576.2,1577,1571.5,1572.55,5508.64
2022.09.05 07:45,1572.55,1577.65,1572.5,1576.35,7032.36
2022.09.05 08:00,1576.35,1576.5,1566.2,1571.5,12189.12
2022.09.05 08:15,1571.5,1571.55,1555.3,1560.8,30768.4
2022.09.05 08:30,1560.8,1561.9,1556.35,1558.7,11265.46
2022.09.05 08:45,1558.7,1563.35,1557.4,1561.25,7884.94
2022.09.05 09:00,1561.25,1564.35,1558,1564.25,7092.66
2022.09.05 09:15,1564.25,1564.8,1562.7,1563.65,3624.29
2022.09.05 09:30,1563.65,1564,1561.1,1561.45,2968.38
2022.09.05 09:45,1561.45,1569.45,1560.4,1566.75,12062.11
2022.09.05 10:00,1566.75,1567.4,1562.8,1563.3,6989.63
2022.09.05 10:15,1563.3,1565.5,1558.4,1560.85,7289.29
2022.09.05 10:30,1560.85,1562,1556.85,1561.25,12054.73
2022.09.05 10:45,1561.25,1562.95,1560.4,1561.45,4084.99
2022.09.05 11:00,1561.45,1561.9,1557.5,1558.85,5869.33
2022.09.05 11:15,1558.85,1565.65,1558.75,1565.4,5788.43
2022.09.05 11:30,1565.4,1565.9,1563,1564.15,3917.14
2022.09.05 11:45,1564.15,1565.5,1563.15,1564.3,2658.28
2022.09.05 12:00,1564.3,1567.5,1562.2,1562.35,8780.76
2022.09.05 12:15,1562.35,1564.4,1560.05,1562.2,5216.78
2022.09.05 12:30,1562.2,1565,1560.7,1564.1,3900.32
2022.09.05 12:45,1564.1,1568.85,1563.6,1564.75,6488.37
2022.09.05 13:00,1564.75,1566.65,1562.85,1565.6,5276.3
2022.09.05 13:15,1565.6,1568.2,1564.4,1566.85,5201.37
2022.09.05 13:30,1566.85,1566.85,1558.15,1559.9,9664.8
2022.09.05 13:45,1559.9,1565,1556.6,1561.35,13054.05
2022.09.05 14:00,1561.35,1564.4,1561,1562.65,3900.79
2022.09.05 14:15,1562.65,1565.5,1559.15,1561.45,7090.4
2022.09.05 14:30,1561.45,1565.9,1560.65,1565.6,5414.7
2022.09.05 14:45,1565.6,1567.25,1562.45,1566.05,7080.27
2022.09.05 15:00,1566.05,1567,1562.15,1563,5913.65
2022.09.05 15:15,1563,1573.9,1561.5,1572.4,14412.64
2022.09.05 15:30,1572.4,1576,1568.6,1569.35,16775.93
2022.09.05 15:45,1569.35,1573.75,1569.3,1571.75,9463.31
2022.09.05 16:00,1571.75,1576.8,1571.7,1574.35,9283.38
2022.09.05 16:15,1574.35,1583.2,1571.5,1572,27178.11
2022.09.05 16:30,1572,1575.65,1568.9,1575.1,16821.34
2022.09.05 16:45,1575.1,1578.05,1572.05,1573.7,7866.99
2022.09.05 17:00,1573.7,1582.8,1571.55,1580,15906.9
2022.09.05 17:15,1580,1586.5,1579.3,1582,26189.6
2022.09.05 17:30,1582,1583.9,1580.85,1583.05,10032.8
2022.09.05 17:45,1583.05,1592.65,1580.5,1589.7,26486.51
2022.09.05 18:00,1589.7,1601.1,1589.65,1597.55,47400.26
2022.09.05 18:15,1597.55,1605.15,1593.25,1593.45,34376.75
2022.09.05 18:30,1593.45,1598.5,1592.5,1596.65,13497.2
2022.09.05 18:45,1596.65,1602.15,1595.7,1599.5,16756.69
2022.09.05 19:00,1599.5,1608.8,1599.1,1607.5,21951.59
2022.09.05 19:15,1607.5,1608.1,1593.2,1599.3,27816.71
2022.09.05 19:30,1599.3,1601.6,1596,1597,11813.89
2022.09.05 19:45,1597,1600.55,1595.3,1598.75,10917.86
2022.09.05 20:00,1598.75,1600.8,1596.45,1596.75,6923.07
2022.09.05 20:15,1596.75,1597.45,1588,1593.7,21742.29
2022.09.05 20:30,1593.7,1594.35,1590.35,1594.3,7327.35
2022.09.05 20:45,1594.3,1594.35,1590.4,1593.1,9780.85
2022.09.05 21:00,1593.1,1597.7,1585.6,1588.45,15314.28
2022.09.05 21:15,1588.45,1591.8,1581.8,1582.5,26286.06
2022.09.05 21:30,1582.5,1583.3,1575.9,1578.95,26007.37
2022.09.05 21:45,1578.95,1587,1578.9,1586.65,13245.58
2022.09.05 22:00,1586.65,1586.65,1582.95,1584.85,8302.92
2022.09.05 22:15,1584.85,1591.5,1583.9,1589.1,12024.66
2022.09.05 22:30,1589.1,1589.15,1583.8,1584.4,9997.67
2022.09.05 22:45,1584.4,1588,1583.3,1585.2,9560.11
2022.09.05 23:00,1585.2,1593.8,1584.5,1590.05,13730.04
2022.09.05 23:15,1590.05,1598,1590.05,1597,11704.86
2022.09.05 23:30,1597,1600,1595,1597.3,11165
2022.09.05 23:45,1597.3,1597.75,1594.55,1596.7,5646.89
2022.09.06 00:00,1596.7,1604,1596.5,1600.55,12940.16
2022.09.06 00:15,1600.55,1600.55,1591.85,1593.45,12081.06
2022.09.06 00:30,1593.45,1596.55,1591.05,1595.2,7654.03
2022.09.06 00:45,1595.2,1596.2,1591.9,1596,4460.55
2022.09.06 01:00,1596,1596.05,1591.55,1595.15,5949.38
2022.09.06 01:15,1595.15,1601.3,1594.2,1597.1,10769.83
2022.09.06 01:30,1597.1,1603.25,1596.2,1597.35,11540.71
2022.09.06 01:45,1597.35,1605.45,1595.45,1605.3,12114.41
2022.09.06 02:00,1605.3,1607.2,1597.85,1598.7,13272.79
2022.09.06 02:15,1598.7,1603.45,1598.7,1600.05,7458.68
2022.09.06 02:30,1600.05,1633.4,1600.05,1621.2,63431.82
2022.09.06 02:45,1621.2,1625.85,1613.45,1616.65,22702.86
2022.09.06 03:00,1616.65,1629.5,1614.3,1627.35,29061.21
2022.09.06 03:15,1627.35,1636.95,1627.35,1631.55,30809.99
2022.09.06 03:30,1631.55,1646.85,1631.55,1646.6,34329.73
2022.09.06 03:45,1646.6,1673.9,1642,1661.5,85818.31
2022.09.06 04:00,1661.5,1676.9,1661.5,1668.25,31944.99
2022.09.06 04:15,1668.25,1669.1,1657.6,1657.85,18584.2
2022.09.06 04:30,1657.85,1664.2,1652.05,1655.15,25410.71
2022.09.06 04:45,1655.15,1661.7,1638,1638.7,34181.97
2022.09.06 05:00,1638.7,1642.7,1623.65,1635.25,44077.45
2022.09.06 05:15,1635.25,1639.7,1627.6,1628.55,28690.6
2022.09.06 05:30,1628.55,1640.7,1626.15,1638.55,20429.01
2022.09.06 05:45,1638.55,1646.45,1635.75,1642.95,13544.28
2022.09.06 06:00,1642.95,1644.7,1628.45,1628.85,19698.77
2022.09.06 06:15,1628.85,1638.35,1626.85,1636.75,16581.02
2022.09.06 06:30,1636.75,1640,1634.65,1637.95,6962.53
2022.09.06 06:45,1637.95,1641.2,1635,1639.45,5674.45
2022.09.06 07:00,1639.45,1645.7,1638.75,1640.15,11998.17
2022.09.06 07:15,1640.15,1649.6,1639.8,1647.55,15040.42
2022.09.06 07:30,1647.55,1653.6,1641.55,1642.1,15210.49
2022.09.06 07:45,1642.1,1643.15,1636.5,1639.2,10422.89
2022.09.06 08:00,1639.2,1646.45,1636.2,1644.9,10707.54
2022.09.06 08:15,1644.9,1653.45,1644.45,1650.8,15053.19
2022.09.06 08:30,1650.8,1663.2,1648.8,1657.65,20706.35
2022.09.06 08:45,1657.65,1658.85,1650.25,1651.25,11190.2
2022.09.06 09:00,1651.25,1668.25,1648.85,1660.45,22351.24
2022.09.06 09:15,1660.45,1662.8,1655.2,1660.45,10196.65
2022.09.06 09:30,1660.45,1667.95,1658.55,1664.6,9719.37
2022.09.06 09:45,1664.6,1678.15,1660.6,1665,34405.09
2022.09.06 10:00,1665,1669.75,1661.75,1664.8,11113.5
2022.09.06 10:15,1664.8,1671.15,1661.55,1664.5,11216.14
2022.09.06 10:30,1664.5,1664.5,1655.25,1655.75,15217.92
2022.09.06 10:45,1655.75,1659,1653.25,1657.85,11033.69
2022.09.06 11:00,1657.85,1660.1,1652.4,1653.8,10848.59
2022.09.06 11:15,1653.8,1662.95,1653,1662.6,9817.68
2022.09.06 11:30,1662.6,1667.85,1658.7,1659.55,15112.22
2022.09.06 11:45,1659.55,1664.8,1655,1664.6,12655.81
2022.09.06 12:00,1664.6,1664.8,1656.45,1657.25,10610.97
2022.09.06 12:15,1657.25,1658.8,1645.95,1650.2,21588.64
2022.09.06 12:30,1650.2,1659.45,1649,1659.35,13247.42
2022.09.06 12:45,1659.35,1661.6,1653.05,1657.55,8787.64
2022.09.06 13:00,1657.55,1662.8,1651.75,1662.45,11167.26
2022.09.06 13:15,1662.45,1667.85,1660.8,1664,13926.35
2022.09.06 13:30,1664,1664.65,1658.6,1662.65,7524.47
2022.09.06 13:45,1662.65,1666.05,1662,1662.7,5574.72
2022.09.06 14:00,1662.7,1672.85,1660.65,1669.85,21170.72
2022.09.06 14:15,1669.85,1677.6,1660.35,1664,25200.38
2022.09.06 14:30,1664,1666.35,1658.7,1665.6,13505.98
2022.09.06 14:45,1665.6,1671.15,1661.7,1667.05,9316.62
2022.09.06 15:00,1667.05,1684.95,1665.55,1677.15,44380.58
2022.09.06 15:15,1677.15,1686,1674.15,1677,30714.69
2022.09.06 15:30,1677,1677.55,1670.4,1673.7,22371.48
2022.09.06 15:45,1673.7,1674.8,1663.15,1663.2,24932.99
2022.09.06 16:00,1663.2,1669.15,1661.85,1665.25,16728.3
2022.09.06 16:15,1665.25,1669,1660.55,1662.45,15600.05
2022.09.06 16:30,1662.45,1670.6,1653.75,1658.65,44602.47
2022.09.06 16:45,1658.65,1661.45,1638,1648.65,53099.49
2022.09.06 17:00,1648.65,1650.6,1634.95,1645.9,56252.38
2022.09.06 17:15,1645.9,1658.3,1641,1654,39595.01
2022.09.06 17:30,1654,1661.95,1648,1658.3,35656.57
2022.09.06 17:45,1658.3,1669.2,1655.15,1665.2,33641.31
2022.09.06 18:00,1665.2,1672.9,1662.7,1663.95,26154.81
2022.09.06 18:15,1663.95,1665.55,1658.55,1661.6,28368.91
2022.09.06 18:30,1661.6,1668.8,1660,1665.7,16145.1
2022.09.06 18:45,1665.7,1672.55,1663.35,1668.8,16265.54
2022.09.06 19:00,1668.8,1673.8,1659.35,1665.2,24033.82
2022.09.06 19:15,1665.2,1665.2,1650.5,1657.15,28468.67
2022.09.06 19:30,1657.15,1664.75,1654.3,1664.6,13631.04
2022.09.06 19:45,1664.6,1667.05,1660.55,1661.05,10013.11
2022.09.06 20:00,1661.05,1662.35,1603.05,1610.05,152817.15
2022.09.06 20:15,1610.05,1620,1589,1597.3,108729.32
2022.09.06 20:30,1597.3,1607.7,1586,1593.7,47695.43
2022.09.06 20:45,1593.7,1594.1,1571.2,1587.5,84114.11
2022.09.06 21:00,1587.5,1590.35,1579.15,1589,24888.24
2022.09.06 21:15,1589,1592.5,1575.6,1576.55,32373.77
2022.09.06 21:30,1576.55,1581.1,1563.55,1570,48183.93
2022.09.06 21:45,1570,1576.55,1564.55,1572.3,22062.95
2022.09.06 22:00,1572.3,1580.4,1568.8,1574.3,20625.86
2022.09.06 22:15,1574.3,1579.4,1571.75,1572.25,16226.78
2022.09.06 22:30,1572.25,1582.5,1559.5,1580.4,49760.96
2022.09.06 22:45,1580.4,1581.15,1573.5,1575.85,11049.39
2022.09.06 23:00,1575.85,1578.6,1552,1563.5,60653.78
2022.09.06 23:15,1563.5,1569.6,1561.85,1566.2,15318.25
2022.09.06 23:30,1566.2,1576.7,1565.5,1576.45,16347.94
2022.09.06 23:45,1576.45,1581.7,1574,1581.2,17448
2022.09.07 00:00,1581.2,1587,1579.75,1580.8,20685.49
2022.09.07 00:15,1580.8,1584.2,1578.55,1583.2,7544.53
2022.09.07 00:30,1583.2,1588.9,1580.5,1581.15,9543.44
2022.09.07 00:45,1581.15,1584.75,1577,1584,11120.08
2022.09.07 01:00,1584,1586.15,1577.75,1579.7,10448.42
2022.09.07 01:15,1579.7,1579.9,1575.4,1578,8277.18
2022.09.07 01:30,1578,1579.75,1574.2,1579,7307.43
2022.09.07 01:45,1579,1582.6,1578.1,1578.3,5545.79
2022.09.07 02:00,1578.3,1579.85,1570.05,1573.9,10690.07
2022.09.07 02:15,1573.9,1574.7,1565.25,1570.25,13200.94
2022.09.07 02:30,1570.25,1571.65,1560.2,1563.6,22821.44
2022.09.07 02:45,1563.6,1566.3,1555.65,1558.2,20706.52
2022.09.07 03:00,1558.2,1567.3,1553.8,1561.05,27298.09
2022.09.07 03:15,1561.05,1562.75,1518.5,1530.3,80859.15
2022.09.07 03:30,1530.3,1537.75,1524.05,1524.55,20639.18
2022.09.07 03:45,1524.55,1537.45,1524.55,1536.7,12739.37
2022.09.07 04:00,1536.7,1536.75,1530.15,1534.85,7091.94
2022.09.07 04:15,1534.85,1536.85,1528.95,1530.05,6348.95
2022.09.07 04:30,1530.05,1533.3,1520.3,1523.95,11952.6
2022.09.07 04:45,1523.95,1533.4,1523.4,1526.15,11865.34
2022.09.07 05:00,1526.15,1528.7,1508.6,1518.1,39396.89
2022.09.07 05:15,1518.1,1519.5,1488.95,1498.25,63813.88
2022.09.07 05:30,1498.25,1505.8,1496.55,1502.45,23626.24
2022.09.07 05:45,1502.45,1505.55,1494.4,1496.7,13667.13
2022.09.07 06:00,1496.7,1504.25,1496,1503.45,8757.01
2022.09.07 06:15,1503.45,1510.15,1498.95,1509.45,19193.31
2022.09.07 06:30,1509.45,1514.05,1507.25,1508.55,14634.69
2022.09.07 06:45,1508.55,1509.4,1504.65,1509.25,10477.49
2022.09.07 07:00,1509.25,1509.45,1501.6,1502.15,13038.38
2022.09.07 07:15,1502.15,1505,1498.7,1503.6,11652.9
2022.09.07 07:30,1503.6,1511.95,1500.55,1510.45,14370.82
2022.09.07 07:45,1510.45,1514.7,1508.9,1510.65,13668.54
2022.09.07 08:00,1510.65,1515.75,1506.15,1513.8,17327.23
2022.09.07 08:15,1513.8,1516.6,1511.75,1512.7,8609.76
2022.09.07 08:30,1512.7,1514.25,1511,1514.25,4774.53
2022.09.07 08:45,1514.25,1517.75,1512.9,1515.25,8819.09
2022.09.07 09:00,1515.25,1521.6,1511.65,1520.9,11356.01
2022.09.07 09:15,1520.9,1520.95,1516.05,1516.9,7290.02
2022.09.07 09:30,1516.9,1520.95,1514.7,1520.3,8298.63
2022.09.07 09:45,1520.3,1526.8,1516.85,1517.45,18654
2022.09.07 10:00,1517.45,1520.35,1515.4,1516.5,6648.32
2022.09.07 10:15,1516.5,1518,1508.65,1514.7,13765.16
2022.09.07 10:30,1514.7,1517.45,1511.55,1517.3,7974.42
2022.09.07 10:45,1517.3,1519.45,1513.7,1517.15,9400.38
2022.09.07 11:00,1517.15,1522.5,1516.05,1517.2,9271.51
2022.09.07 11:15,1517.2,1518.15,1515.15,1517.7,5348.63
2022.09.07 11:30,1517.7,1518.85,1514.75,1516.85,4212.06
2022.09.07 11:45,1516.85,1520.35,1516.85,1519.7,5925.91
2022.09.07 12:00,1519.7,1523.5,1516.05,1516.4,9835.35
2022.09.07 12:15,1516.4,1518.45,1514.85,1516.2,5241.3
2022.09.07 12:30,1516.2,1520,1515.45,1519.5,4811.38
2022.09.07 12:45,1519.5,1521.15,1517.5,1517.55,5002.41
2022.09.07 13:00,1517.55,1519.65,1510.95,1512.75,13030.66
2022.09.07 13:15,1512.75,1517.95,1508.65,1515.3,16925.68
2022.09.07 13:30,1515.3,1515.75,1512.25,1513,5526.17
2022.09.07 13:45,1513,1514,1509.85,1511.45,6451.16
2022.09.07 14:00,1511.45,1512.5,1503.3,1509.2,14500.67
2022.09.07 14:15,1509.2,1516.35,1506.55,1513.95,14219.97
2022.09.07 14:30,1513.95,1517.8,1508.2,1513.9,13868.37
2022.09.07 14:45,1513.9,1514.65,1511,1512.9,4187.05
2022.09.07 15:00,1512.9,1514.9,1503.25,1506.45,19371.66
2022.09.07 15:15,1506.45,1512.3,1498.55,1505.1,29878.44
2022.09.07 15:30,1505.1,1511.5,1505.05,1510.45,8963.48
2022.09.07 15:45,1510.45,1517.2,1506.2,1516.65,12959.99
2022.09.07 16:00,1516.65,1543,1516.15,1531.8,82224.42
2022.09.07 16:15,1531.8,1537.6,1529.2,1532.15,16315.33
2022.09.07 16:30,1532.15,1548.7,1531.75,1541.9,34616.84
2022.09.07 16:45,1541.9,1545.65,1533.7,1535.4,21379.9
2022.09.07 17:00,1535.4,1542.1,1532.2,1535.55,18461.01
2022.09.07 17:15,1535.55,1541.7,1529.65,1541,25220.7
2022.09.07 17:30,1541,1548.35,1540.6,1543,24657.29
2022.09.07 17:45,1543,1547.65,1539.3,1542.45,12143.12
2022.09.07 18:00,1542.45,1550.45,1542,1548.5,14114.79
2022.09.07 18:15,1548.5,1548.95,1537.45,1538.15,16290.2
2022.09.07 18:30,1538.15,1543.2,1538.15,1538.5,16246.48
2022.09.07 18:45,1538.5,1546.05,1538.5,1542.75,9318.39
2022.09.07 19:00,1542.75,1552.6,1538.95,1540.5,22652.41
2022.09.07 19:15,1540.5,1543.85,1535.15,1542.4,11945.95
2022.09.07 19:30,1542.4,1558.3,1542.2,1552.7,31952.54
2022.09.07 19:45,1552.7,1556.8,1549,1553.15,15616
2022.09.07 20:00,1553.15,1563.85,1552.95,1555.6,24901.05
2022.09.07 20:15,1555.6,1560.25,1552.05,1553.15,12354.13
2022.09.07 20:30,1553.15,1566.65,1551.55,1563.7,24131.71
2022.09.07 20:45,1563.7,1573,1560.8,1568,29117.94
2022.09.07 21:00,1568,1575.8,1563.4,1564.4,26310.26
2022.09.07 21:15,1564.4,1568,1562.35,1566.5,13782.59
2022.09.07 21:30,1566.5,1572.35,1563,1569.85,13077.13
2022.09.07 21:45,1569.85,1579.65,1568.8,1570.6,41470.42
2022.09.07 22:00,1570.6,1577.6,1567.5,1577.2,13368.34
2022.09.07 22:15,1577.2,1580.15,1572.05,1574.2,20352.46
2022.09.07 22:30,1574.2,1577.25,1569.55,1570.65,13526.03
2022.09.07 22:45,1570.65,1576.4,1568.95,1568.95,7099.28
2022.09.07 23:00,1568.95,1573,1568,1571.65,10562.93
2022.09.07 23:15,1571.65,1649.05,1571.6,1637.2,195746.4
2022.09.07 23:30,1637.2,1651.25,1630.4,1637.7,65021.17
2022.09.07 23:45,1637.7,1654,1637.7,1639.1,44478.54
2022.09.08 00:00,1639.1,1648.6,1635.25,1637.25,20722.06
2022.09.08 00:15,1637.25,1642.65,1626.75,1636.1,27184.13
2022.09.08 00:30,1636.1,1641.45,1631.95,1636.8,9300.8
2022.09.08 00:45,1636.8,1652.15,1636.8,1645.05,16432.34
2022.09.08 01:00,1645.05,1659.4,1644.2,1650.7,32196.3
2022.09.08 01:15,1650.7,1653.5,1644.45,1645.6,14202.03
2022.09.08 01:30,1645.6,1649.3,1632.35,1638.35,18374.7
2022.09.08 01:45,1638.35,1638.65,1634.55,1634.95,8334.88
2022.09.08 02:00,1634.95,1641.05,1630.9,1635.7,13087.08
2022.09.08 02:15,1635.7,1639.7,1634.45,1638.3,7187.03
2022.09.08 02:30,1638.3,1639.35,1631.85,1632.05,6000.99
2022.09.08 02:45,1632.05,1635.65,1618.4,1629.1,21864.51
2022.09.08 03:00,1629.1,1636,1629.05,1632.85,16542.07
2022.09.08 03:15,1632.85,1636.65,1628.6,1628.65,11032.07
2022.09.08 03:30,1628.65,1629,1612.8,1619.95,24490.11
2022.09.08 03:45,1619.95,1627.85,1618.05,1627.2,11494.43
2022.09.08 04:00,1627.2,1627.55,1622.55,1624.7,9200.43
2022.09.08 04:15,1624.7,1627.8,1618.85,1625.7,7923.55
2022.09.08 04:30,1625.7,1626.55,1613.85,1615.4,12927.57
2022.09.08 04:45,1615.4,1620.75,1614.8,1616.4,6738.01
2022.09.08 05:00,1616.4,1624.05,1616.2,1621.35,6118.46
2022.09.08 05:15,1621.35,1626.5,1620.75,1626.2,9518.3
2022.09.08 05:30,1626.2,1632.05,1623.75,1624.15,12026.64
2022.09.08 05:45,1624.15,1629.1,1621.8,1627.3,7318.95
2022.09.08 06:00,1627.3,1631.3,1626.35,1627.85,5491.04
2022.09.08 06:15,1627.85,1628.85,1623.8,1623.8,3205.22
2022.09.08 06:30,1623.8,1629.2,1620.15,1627.85,6686.27
2022.09.08 06:45,1627.85,1630.55,1627.45,1628.65,4654.54
2022.09.08 07:00,1628.65,1639.4,1628.65,1634.9,17067.63
2022.09.08 07:15,1634.9,1645.6,1630.7,1635.9,16535.56
2022.09.08 07:30,1635.9,1641.5,1635.9,1640.6,11091.25
2022.09.08 07:45,1640.6,1647.25,1638.85,1641.85,13088.52
2022.09.08 08:00,1641.85,1643.25,1636.85,1637.35,8649.78
2022.09.08 08:15,1637.35,1638.9,1633.65,1637.1,9320.02
2022.09.08 08:30,1637.1,1638.25,1634,1635.7,5921.51
2022.09.08 08:45,1635.7,1637.45,1631.2,1634.15,5708.43
2022.09.08 09:00,1634.15,1636.4,1631.6,1636.05,6409.62
2022.09.08 09:15,1636.05,1637.95,1629.4,1629.7,8345.36
2022.09.08 09:30,1629.7,1629.7,1622.4,1627.3,11185.45
2022.09.08 09:45,1627.3,1627.7,1624.45,1625.4,4867.71
2022.09.08 10:00,1625.4,1630.8,1621.35,1626.6,11196.97
2022.09.08 10:15,1626.6,1627.15,1594.4,1602,83946.61
2022.09.08 10:30,1602,1612.85,1598.2,1609.15,28254.14
2022.09.08 10:45,1609.15,1613.7,1606.6,1613.05,11318.56
2022.09.08 11:00,1613.05,1613.05,1605.95,1606.75,11003.19
2022.09.08 11:15,1606.75,1616.45,1605.85,1615.65,10928.74
2022.09.08 11:30,1615.65,1619.75,1613.95,1616.55,15069.27
2022.09.08 11:45,1616.55,1625.65,1616.55,1623.15,13265
2022.09.08 12:00,1623.15,1623.8,1616.9,1617.55,8671.01
2022.09.08 12:15,1617.55,1622.65,1617.55,1618.6,7396.87
2022.09.08 12:30,1618.6,1620.35,1612,1613.65,12788.12
2022.09.08 12:45,1613.65,1617.35,1609.9,1617.05,9296.33
2022.09.08 13:00,1617.05,1636.1,1614,1628.25,30706.23
2022.09.08 13:15,1628.25,1639.6,1628.25,1632.6,24356.75
2022.09.08 13:30,1632.6,1633.95,1628.25,1628.8,7495.1
2022.09.08 13:45,1628.8,1638.7,1628.15,1636.4,16868.31
2022.09.08 14:00,1636.4,1644.2,1633.55,1641.15,19943.69
2022.09.08 14:15,1641.15,1641.15,1633.8,1634.5,9824.87
2022.09.08 14:30,1634.5,1635.5,1631.45,1632.7,8030.4
2022.09.08 14:45,1632.7,1636.5,1631.25,1635,4679.98
2022.09.08 15:00,1635,1640.2,1633.6,1636.6,10634.24
2022.09.08 15:15,1636.6,1647.1,1620.05,1627.05,64926.7
2022.09.08 15:30,1627.05,1627.55,1614.6,1614.6,31361.48
2022.09.08 15:45,1614.6,1626.9,1607.9,1617.45,34327.08
2022.09.08 16:00,1617.45,1621.5,1597.4,1605.15,50422.09
2022.09.08 16:15,1605.15,1614.5,1600.15,1613.25,33636.73
2022.09.08 16:30,1613.25,1645.9,1605.6,1645,74119.9
2022.09.08 16:45,1645,1647.4,1630.35,1634.5,51572.93
2022.09.08 17:00,1634.5,1635.85,1615.55,1626.7,52024.56
2022.09.08 17:15,1626.7,1641.8,1624,1635.55,40583.27
2022.09.08 17:30,1635.55,1641.2,1630.85,1634.9,18544.82
2022.09.08 17:45,1634.9,1644,1626.75,1643.05,23780.1
2022.09.08 18:00,1643.05,1655,1638.7,1641.15,40308.14
2022.09.08 18:15,1641.15,1643,1635.55,1636.05,17886.53
2022.09.08 18:30,1636.05,1643.45,1630.15,1633.35,28464.09
2022.09.08 18:45,1633.35,1634,1626,1628.65,11619.16
2022.09.08 19:00,1628.65,1631.15,1607.75,1615.3,51966.13
2022.09.08 19:15,1615.3,1621.85,1612,1620.15,24512.1
2022.09.08 19:30,1620.15,1629.3,1618.25,1628.6,20027.63
2022.09.08 19:45,1628.6,1633.75,1624.6,1629.35,14508.3
2022.09.08 20:00,1629.35,1634.3,1619.3,1633.3,20697.76
2022.09.08 20:15,1633.3,1637.65,1629.05,1631.95,11702.71
2022.09.08 20:30,1631.95,1638.9,1626.6,1634.35,14624.17
2022.09.08 20:45,1634.35,1635.35,1622.15,1629.55,12986.26
2022.09.08 21:00,1629.55,1631.65,1624.15,1626.1,9382.91
2022.09.08 21:15,1626.1,1631.5,1624.85,1629.1,5705.4
2022.09.08 21:30,1629.1,1635.55,1625.2,1629.55,11043.82
2022.09.08 21:45,1629.55,1632.05,1624.75,1629.4,12843.21
2022.09.08 22:00,1629.4,1631,1623.35,1627.85,9721.68
2022.09.08 22:15,1627.85,1633.7,1627.45,1630.55,7922.67
2022.09.08 22:30,1630.55,1633.1,1628.35,1629.1,2390.53
2022.09.08 22:45,1629.1,1649.5,1628.5,1649,30180.5
2022.09.08 23:00,1649,1662.9,1642.1,1655.35,50588.4
2022.09.08 23:15,1655.35,1657.9,1641.1,1642.35,24375.97
2022.09.08 23:30,1642.35,1646.1,1642,1644.55,9352.15
2022.09.08 23:45,1644.55,1647.3,1639.1,1644.15,10107.31
2022.09.09 00:00,1644.15,1644.15,1635.2,1637.3,11551.97
2022.09.09 00:15,1637.3,1640.65,1637.25,1638.2,3016.05
2022.09.09 00:30,1638.2,1641.55,1629.8,1634.9,10101.59
2022.09.09 00:45,1634.9,1639.4,1634,1638.55,4243.91
2022.09.09 01:00,1638.55,1638.95,1633,1634.4,8860.19
2022.09.09 01:15,1634.4,1635.25,1628.7,1630.35,7262.14
2022.09.09 01:30,1630.35,1633.6,1626.1,1628.5,11069.88
2022.09.09 01:45,1628.5,1631.55,1628.35,1631.3,6305.66
2022.09.09 02:00,1631.3,1633.5,1629.3,1632.1,4936.74
2022.09.09 02:15,1632.1,1637.65,1631.3,1635.05,7340.59
2022.09.09 02:30,1635.05,1635.05,1625.1,1632.65,10006.24
2022.09.09 02:45,1632.65,1636.4,1632.5,1634.2,4431.48
2022.09.09 03:00,1634.2,1640.7,1629.55,1639,9048.31
2022.09.09 03:15,1639,1644.15,1637.45,1641.95,11430.19
2022.09.09 03:30,1641.95,1644,1639.4,1640.6,6418.83
2022.09.09 03:45,1640.6,1642.85,1637.7,1638.65,8365.38
2022.09.09 04:00,1638.65,1642.3,1636.8,1640.2,3864.57
2022.09.09 04:15,1640.2,1646.85,1639.5,1640.45,8906
2022.09.09 04:30,1640.45,1640.45,1631.85,1632.85,10062.07
2022.09.09 04:45,1632.85,1634.85,1631.25,1631.25,3707.59
2022.09.09 05:00,1631.25,1638.7,1630.75,1637.1,5066.81
2022.09.09 05:15,1637.1,1643.1,1636.1,1642.5,4764.37
2022.09.09 05:30,1642.5,1645.5,1638.7,1639.55,7054.44
2022.09.09 05:45,1639.55,1640.25,1635.6,1639.1,2461.32
2022.09.09 06:00,1639.1,1641.2,1637.1,1639.85,3406.41
2022.09.09 06:15,1639.85,1658.05,1639.85,1651.05,44081.96
2022.09.09 06:30,1651.05,1676.7,1651,1669,56002.8
2022.09.09 06:45,1669,1674.3,1662.55,1671.85,22870.82
2022.09.09 07:00,1671.85,1696.45,1668.55,1689.1,86955.48
2022.09.09 07:15,1689.1,1700,1683.75,1693.8,44889.88
2022.09.09 07:30,1693.8,1702,1689.3,1696.45,36760.21
2022.09.09 07:45,1696.45,1704.95,1692.55,1695,28856.96
2022.09.09 08:00,1695,1700,1692.3,1692.9,18138.17
2022.09.09 08:15,1692.9,1710.1,1692.6,1705.45,38421
2022.09.09 08:30,1705.45,1716.8,1703.25,1707.45,47439.5
2022.09.09 08:45,1707.45,1708.3,1703.65,1706.4,12612.74
2022.09.09 09:00,1706.4,1706.7,1700.7,1702,18898.49
2022.09.09 09:15,1702,1713.8,1701.1,1708.95,21647.25
2022.09.09 09:30,1708.95,1715.85,1705.75,1711.6,17195.98
2022.09.09 09:45,1711.6,1713,1706.95,1710.85,8867.07
2022.09.09 10:00,1710.85,1712.65,1704.35,1710.95,15878.73
2022.09.09 10:15,1710.95,1710.95,1701.1,1703.1,12652.3
2022.09.09 10:30,1703.1,1704.8,1698.5,1702.05,13012.05
2022.09.09 10:45,1702.05,1704.95,1702.05,1704.05,5271.78
2022.09.09 11:00,1704.05,1708.65,1701,1704,6579.4
2022.09.09 11:15,1704,1709.1,1703.6,1708.35,7296.33
2022.09.09 11:30,1708.35,1711.75,1701.1,1706.05,16309.4
2022.09.09 11:45,1706.05,1715.1,1703.6,1705.65,21595.78
2022.09.09 12:00,1705.65,1706.25,1690.6,1694.95,32444.92
2022.09.09 12:15,1694.95,1696,1686.15,1689.35,28877.96
2022.09.09 12:30,1689.35,1693.25,1684.1,1691,30321.69
2022.09.09 12:45,1691,1696.2,1689.25,1694.35,12600.79
2022.09.09 13:00,1694.35,1696.75,1688.3,1692.05,9294.82
2022.09.09 13:15,1692.05,1698.6,1686.8,1695.35,17801.44
2022.09.09 13:30,1695.35,1707.9,1694.5,1701.75,34570.35
2022.09.09 13:45,1701.75,1710,1701.75,1705.95,27104.68
2022.09.09 14:00,1705.95,1706.4,1697.55,1704.2,19791.68
2022.09.09 14:15,1704.2,1706.05,1699.55,1701.95,11287.99
2022.09.09 14:30,1701.95,1704.9,1699.1,1699.55,7968.32
2022.09.09 14:45,1699.55,1703.6,1694.5,1699.55,13210.22
2022.09.09 15:00,1699.55,1704.75,1697.9,1704.1,7251.45
2022.09.09 15:15,1704.1,1713,1703.7,1707.55,15160.91
2022.09.09 15:30,1707.55,1749.75,1705.85,1736,116937.82
2022.09.09 15:45,1736,1736.85,1726.5,1726.9,31757.76
2022.09.09 16:00,1726.9,1729.7,1710.8,1717.6,40195.44
2022.09.09 16:15,1717.6,1725.15,1705.95,1713,30153.8
2022.09.09 16:30,1713,1722.95,1712.45,1713,22283.59
2022.09.09 16:45,1713,1721.2,1710.35,1720.6,13939.01
2022.09.09 17:00,1720.6,1732.15,1719.3,1722.55,29006.21
2022.09.09 17:15,1722.55,1726.7,1715.65,1718.2,17501.88
2022.09.09 17:30,1718.2,1726.85,1715.85,1723.7,10943.46
2022.09.09 17:45,1723.7,1727.6,1721.5,1724.85,8587.94
2022.09.09 18:00,1724.85,1726.5,1716.85,1721.25,9316.73
2022.09.09 18:15,1721.25,1730.05,1720.05,1729,14299.61
2022.09.09 18:30,1729,1734.75,1725.6,1727.3,23276.26
2022.09.09 18:45,1727.3,1728.25,1716.65,1718.05,13584.84
2022.09.09 19:00,1718.05,1718.9,1697.7,1709.25,44302.24
2022.09.09 19:15,1709.25,1721.55,1706.7,1719.05,18073.24
2022.09.09 19:30,1719.05,1720.35,1707,1708.05,20350.87
2022.09.09 19:45,1708.05,1714.8,1706.15,1714.8,8227.56
2022.09.09 20:00,1714.8,1721.25,1711.8,1717.8,14365.14
2022.09.09 20:15,1717.8,1720.05,1710.15,1710.3,8949.35
2022.09.09 20:30,1710.3,1715.1,1703.2,1705.45,15082.18
2022.09.09 20:45,1705.45,1706.4,1692.95,1702.95,17581.74
2022.09.09 21:00,1702.95,1704.75,1695.2,1704.45,13524.04
2022.09.09 21:15,1704.45,1706.65,1699.9,1700.3,13435.4
2022.09.09 21:30,1700.3,1705,1696.5,1704.1,7452.1
2022.09.09 21:45,1704.1,1709.75,1700.95,1709.3,17156.47
2022.09.09 22:00,1709.3,1713.15,1706.55,1711.55,7606.59
2022.09.09 22:15,1711.55,1712.7,1708.1,1710.3,5181.52
2022.09.09 22:30,1710.3,1714.95,1709.45,1713.7,6808.48
2022.09.09 22:45,1713.7,1727,1712.7,1719,31838.65
2022.09.09 23:00,1719,1722.15,1713.85,1720.9,9788.86
2022.09.09 23:15,1720.9,1724.5,1717.35,1721.8,8835.31
2022.09.09 23:30,1721.8,1728.55,1719.55,1725,8969.64
2022.09.09 23:45,1725,1725.75,1718.15,1719.9,7684.68
2022.09.10 00:00,1719.9,1719.9,1715.65,1716.7,4721.51
2022.09.10 00:15,1716.7,1717.35,1713.95,1715.25,3383.22
2022.09.10 00:30,1715.25,1724.55,1709.6,1717.75,8318.46
2022.09.10 00:45,1717.75,1721.5,1705.6,1713.35,8764.64
2022.09.10 01:00,1713.35,1721.55,1710.65,1716.15,8667.51
2022.09.10 01:15,1716.15,1720,1714.4,1716.7,8305.61
2022.09.10 01:30,1716.7,1721.85,1713,1718.45,8973.94
2022.09.10 01:45,1718.45,1722.6,1718,1718.55,6829.65
2022.09.10 02:00,1718.55,1720.35,1715.3,1719,4512.6
2022.09.10 02:15,1719,1733.65,1705.65,1707.85,46758.74
2022.09.10 02:30,1707.85,1719.35,1707.55,1717,8585.96
2022.09.10 02:45,1717,1719.85,1713.15,1717.4,5296.37
2022.09.10 03:00,1717.4,1721.2,1709.25,1710,9669.12
2022.09.10 03:15,1710,1716.75,1706.05,1711.95,9738.43
2022.09.10 03:30,1711.95,1712.3,1705.5,1711.65,5060.93
2022.09.10 03:45,1711.65,1717,1709.5,1716.05,4615.1
2022.09.10 04:00,1716.05,1722.55,1715.6,1719.8,9488.59
2022.09.10 04:15,1719.8,1721.55,1716.3,1721.35,4387.19
2022.09.10 04:30,1721.35,1730.9,1718.5,1723.35,12923.65
2022.09.10 04:45,1723.35,1725.85,1719.5,1723.6,6314.79
2022.09.10 05:00,1723.6,1724.25,1719.15,1719.6,2918.34
2022.09.10 05:15,1719.6,1723.8,1718.25,1722.65,4675.03
2022.09.10 05:30,1722.65,1731,1721,1728.6,8104.55
2022.09.10 05:45,1728.6,1742.45,1725.1,1739.15,24947.22
2022.09.10 06:00,1739.15,1740.5,1732.05,1734.95,10009.31
2022.09.10 06:15,1734.95,1736.15,1731.1,1734.55,6136.83
2022.09.10 06:30,1734.55,1741.2,1732.8,1737.3,8433.18
2022.09.10 06:45,1737.3,1737.35,1731.95,1732.5,5256.17
2022.09.10 07:00,1732.5,1739,1732.25,1738,5394.18
2022.09.10 07:15,1738,1744.75,1732.5,1732.6,12192.95
2022.09.10 07:30,1732.6,1734.9,1729.1,1732.2,6650.67
2022.09.10 07:45,1732.2,1734.8,1727.3,1731.85,9358.73
2022.09.10 08:00,1731.85,1733.1,1728.55,1730.5,4237.4
2022.09.10 08:15,1730.5,1737.5,1729.5,1734,10872.69
2022.09.10 08:30,1734,1737.7,1732.55,1734.5,7538.44
2022.09.10 08:45,1734.5,1735.45,1729.45,1730.1,7047.84
2022.09.10 09:00,1730.1,1733.9,1730.1,1733.35,3011.64
2022.09.10 09:15,1733.35,1733.85,1728.1,1730.95,5939.62
2022.09.10 09:30,1730.95,1733.95,1730.05,1732.6,2043.56
2022.09.10 09:45,1732.6,1734.65,1729.1,1733.35,6074.17
2022.09.10 10:00,1733.35,1735.95,1730.95,1731.15,2289.69
2022.09.10 10:15,1731.15,1731.4,1728,1729.9,4373.62
2022.09.10 10:30,1729.9,1731.4,1720.2,1721.45,17461.4
2022.09.10 10:45,1721.45,1721.45,1707,1709.8,25727.23
2022.09.10 11:00,1709.8,1716.05,1708.2,1715.2,10267.78
2022.09.10 11:15,1715.2,1718.35,1711.9,1718.05,6887.51
2022.09.10 11:30,1718.05,1718.55,1716.05,1716.05,3264.42
2022.09.10 11:45,1716.05,1717,1712.3,1715.35,4466.57
2022.09.10 12:00,1715.35,1718.7,1715,1717.6,3056.99
2022.09.10 12:15,1717.6,1721.8,1717.4,1718.5,5458.99
2022.09.10 12:30,1718.5,1720.75,1717.4,1719,2057.5
2022.09.10 12:45,1719,1722.75,1718.4,1721.75,5487.27
2022.09.10 13:00,1721.75,1721.9,1715.55,1716.1,4466.66
2022.09.10 13:15,1716.1,1720.05,1714,1720.05,4877.19
2022.09.10 13:30,1720.05,1727.15,1718.95,1723.55,6972.3
2022.09.10 13:45,1723.55,1725.6,1720.7,1725.05,4155.27
2022.09.10 14:00,1725.05,1727.7,1722.65,1726.8,4301.01
2022.09.10 14:15,1726.8,1727,1724,1725.05,2548.56
2022.09.10 14:30,1725.05,1726.8,1721.5,1725.2,4019.6
2022.09.10 14:45,1725.2,1726.15,1722.1,1722.75,3567.88
2022.09.10 15:00,1722.75,1727.25,1719.3,1727.25,4870.39
2022.09.10 15:15,1727.25,1732.8,1716,1723.55,22245.2
2022.09.10 15:30,1723.55,1726,1721,1723.15,5033.37
2022.09.10 15:45,1723.15,1727,1722.45,1725.35,3418.23
2022.09.10 16:00,1725.35,1727.1,1721.5,1722.2,2717.8
2022.09.10 16:15,1722.2,1723.05,1718,1723,4059.3
2022.09.10 16:30,1723,1723.75,1716.2,1716.85,3262.42
2022.09.10 16:45,1716.85,1720.35,1711.05,1715.65,11930.31
2022.09.10 17:00,1715.65,1718.75,1712.45,1716.15,9245.83
2022.09.10 17:15,1716.15,1719.8,1716.1,1719.25,3207.83
2022.09.10 17:30,1719.25,1719.8,1714.9,1715.85,3611.93
2022.09.10 17:45,1715.85,1719.35,1715.2,1716.65,4046.76
2022.09.10 18:00,1716.65,1718.4,1715.1,1717.95,1681.57
2022.09.10 18:15,1717.95,1721.05,1713.5,1719.45,6408.41
2022.09.10 18:30,1719.45,1720.5,1711.4,1714.5,4401.97
2022.09.10 18:45,1714.5,1715.85,1712.85,1714.5,2543.12
2022.09.10 19:00,1714.5,1717.75,1709,1711.35,8666.5
2022.09.10 19:15,1711.35,1713,1708.05,1711.3,4178.91
2022.09.10 19:30,1711.3,1723.2,1711.25,1721.9,6567.68
2022.09.10 19:45,1721.9,1725,1719.25,1722,11938.75
2022.09.10 20:00,1722,1723.9,1716.1,1718.2,6029.55
2022.09.10 20:15,1718.2,1720.9,1717,1720.85,3375.87
2022.09.10 20:30,1720.85,1721,1717,1718.2,3137.3
2022.09.10 20:45,1718.2,1722.5,1717.7,1721,3535.51
2022.09.10 21:00,1721,1732.2,1721,1728.75,16313.47
2022.09.10 21:15,1728.75,1736.85,1728.7,1731.7,10920.69
2022.09.10 21:30,1731.7,1737.3,1730.5,1736.2,6873.67
2022.09.10 21:45,1736.2,1739.95,1732.3,1733.7,10464.66
2022.09.10 22:00,1733.7,1736,1731.2,1735.6,5145.45
2022.09.10 22:15,1735.6,1742,1733.9,1738.7,10951.25
2022.09.10 22:30,1738.7,1741.5,1733.55,1737.25,11282.89
2022.09.10 22:45,1737.25,1742.95,1735.2,1739.5,8449.33
2022.09.10 23:00,1739.5,1742.85,1736.5,1737.4,6787.49
2022.09.10 23:15,1737.4,1739.45,1732.4,1737,8981.37
2022.09.10 23:30,1737,1737.65,1728.6,1729.35,5966.3
2022.09.10 23:45,1729.35,1733.5,1727.6,1733.45,7633.97
2022.09.11 00:00,1733.45,1740.45,1733.1,1736.3,9401.19
2022.09.11 00:15,1736.3,1739.75,1735.7,1736,3946.24
2022.09.11 00:30,1736,1739.75,1733.6,1739.2,1960.09
2022.09.11 00:45,1739.2,1783.45,1738.85,1749.9,72475.68
2022.09.11 01:00,1749.9,1765.9,1749,1761.6,23545.75
2022.09.11 01:15,1761.6,1764.95,1756.95,1757.8,12025.97
2022.09.11 01:30,1757.8,1787.35,1754.75,1778.75,36396.91
2022.09.11 01:45,1778.75,1789,1773.35,1783.05,29374.87
2022.09.11 02:00,1783.05,1785.45,1776.6,1779,14146.31
2022.09.11 02:15,1779,1784.1,1777.5,1780.5,8235.92
2022.09.11 02:30,1780.5,1788.7,1776,1778.75,14171.99
2022.09.11 02:45,1778.75,1778.85,1772.4,1773.35,10847.46
2022.09.11 03:00,1773.35,1778.5,1768.35,1772.8,11146.82
2022.09.11 03:15,1772.8,1777.5,1772,1776.85,5539.99
2022.09.11 03:30,1776.85,1778.05,1769.35,1771.65,6387.8
2022.09.11 03:45,1771.65,1774.3,1769,1770.9,3656.39
2022.09.11 04:00,1770.9,1775.4,1769.2,1774.6,4252.13
2022.09.11 04:15,1774.6,1777.95,1762.3,1764.55,21982.89
2022.09.11 04:30,1764.55,1772.45,1763.6,1770,8808.13
2022.09.11 04:45,1770,1770,1757.95,1762.2,15830.91
2022.09.11 05:00,1762.2,1762.4,1756,1761.35,10484.97
2022.09.11 05:15,1761.35,1765,1761.3,1762.8,5758.96
2022.09.11 05:30,1762.8,1762.8,1756.3,1759.15,9773.43
2022.09.11 05:45,1759.15,1763.65,1759,1763.5,4460.59
2022.09.11 06:00,1763.5,1767.8,1762.85,1766.3,5050.79
2022.09.11 06:15,1766.3,1768.5,1764,1764.7,3093.17
2022.09.11 06:30,1764.7,1767,1764.55,1764.95,2115.62
2022.09.11 06:45,1764.95,1766,1759,1760.1,9009.39
2022.09.11 07:00,1760.1,1763.4,1759.3,1763.1,4269.34
2022.09.11 07:15,1763.1,1763.95,1761.2,1762.2,2521.18
2022.09.11 07:30,1762.2,1763.95,1759.75,1761.25,2376.6
2022.09.11 07:45,1761.25,1761.95,1756.25,1758.35,4146.15
2022.09.11 08:00,1758.35,1762.75,1756.3,1762.45,3972.58
2022.09.11 08:15,1762.45,1764.95,1759.5,1760.75,5647.87
2022.09.11 08:30,1760.75,1763.55,1759.5,1761.65,3809.07
2022.09.11 08:45,1761.65,1765.9,1761.55,1763.45,5133.16
2022.09.11 09:00,1763.45,1767.8,1763.45,1766.65,3905.88
2022.09.11 09:15,1766.65,1766.65,1759.35,1759.35,4506.2
2022.09.11 09:30,1759.35,1759.7,1742,1750.5,37772.73
2022.09.11 09:45,1750.5,1757.35,1747.15,1751.05,7518.14
2022.09.11 10:00,1751.05,1757.65,1749.35,1757.05,6122.52
2022.09.11 10:15,1757.05,1760.75,1755.6,1758.65,9505.64
2022.09.11 10:30,1758.65,1761.25,1755.7,1760.85,6163.13
2022.09.11 10:45,1760.85,1760.9,1757.3,1760.3,3757.71
2022.09.11 11:00,1760.3,1761.3,1756.15,1757.05,2800.94
2022.09.11 11:15,1757.05,1767,1756.75,1762.5,9446.09
2022.09.11 11:30,1762.5,1764.9,1761,1764.7,3736.55
2022.09.11 11:45,1764.7,1766.5,1762.2,1763.2,6737.04
2022.09.11 12:00,1763.2,1764.3,1761.6,1761.6,2306.02
2022.09.11 12:15,1761.6,1763.05,1758.3,1759.35,4825.02
2022.09.11 12:30,1759.35,1762.8,1759.35,1761.15,1602.44
2022.09.11 12:45,1761.15,1762,1756.05,1758.35,4349.32
2022.09.11 13:00,1758.35,1760.1,1758.35,1759.55,1436.68
2022.09.11 13:15,1759.55,1759.85,1756.6,1757.95,1928.33
2022.09.11 13:30,1757.95,1763.5,1757.9,1761.85,2795.62
2022.09.11 13:45,1761.85,1762,1758.05,1760.95,3292.25
2022.09.11 14:00,1760.95,1769.65,1760.9,1766.15,8261.72
2022.09.11 14:15,1766.15,1780.5,1766.05,1771.45,26643.24
2022.09.11 14:30,1771.45,1775.3,1767.1,1770.4,6061.39
2022.09.11 14:45,1770.4,1772.65,1767.7,1768.95,2962.35
2022.09.11 15:00,1768.95,1772.45,1763.1,1770.2,15506.8
2022.09.11 15:15,1770.2,1770.2,1766.15,1769.15,4266.73
2022.09.11 15:30,1769.15,1775.45,1769.15,1774.3,8043.31
2022.09.11 15:45,1774.3,1775,1769.9,1771.75,4363.26
2022.09.11 16:00,1771.75,1772.05,1765,1768,5607.92
2022.09.11 16:15,1768,1768.15,1763.4,1765.45,4896.79
2022.09.11 16:30,1765.45,1767.1,1760.4,1763.95,4421.22
2022.09.11 16:45,1763.95,1766.5,1763.7,1766,2736.76
2022.09.11 17:00,1766,1767.25,1763.95,1766,3404.42
2022.09.11 17:15,1766,1766.05,1751.6,1755.35,20585.78
2022.09.11 17:30,1755.35,1761.7,1754.5,1759.5,8503.46
2022.09.11 17:45,1759.5,1762.95,1758.5,1760.7,4789.16
2022.09.11 18:00,1760.7,1767,1760,1764.65,8120.96
2022.09.11 18:15,1764.65,1770.5,1764.65,1768.75,10899.96
2022.09.11 18:30,1768.75,1778,1768.15,1772.25,15934.88
2022.09.11 18:45,1772.25,1772.25,1765,1767.5,7198.82
2022.09.11 19:00,1767.5,1771.75,1765.1,1771,5176.59
2022.09.11 19:15,1771,1776.75,1768,1768.25,9469.95
2022.09.11 19:30,1768.25,1769.9,1766,1768.85,3209.49
2022.09.11 19:45,1768.85,1773.15,1768.8,1769.95,3956.7
2022.09.11 20:00,1769.95,1772.65,1768.6,1768.65,6411.34
2022.09.11 20:15,1768.65,1777.8,1766.1,1775.85,9555.29
2022.09.11 20:30,1775.85,1788.8,1771.4,1773.95,45486.12
2022.09.11 20:45,1773.95,1775.85,1768.7,1770.6,9643.7
2022.09.11 21:00,1770.6,1771.3,1765.4,1768.05,8255.73
2022.09.11 21:15,1768.05,1775.8,1768.05,1773.35,8582.23
2022.09.11 21:30,1773.35,1773.35,1768,1769.5,4350.86
2022.09.11 21:45,1769.5,1769.55,1755.55,1759.7,14745.88
2022.09.11 22:00,1759.7,1762.45,1757.25,1762.45,12689.21
2022.09.11 22:15,1762.45,1763.45,1760,1762,3894.8
2022.09.11 22:30,1762,1764,1757.85,1760.05,4491.42
2022.09.11 22:45,1760.05,1762.8,1759.1,1762.3,3291.37
2022.09.11 23:00,1762.3,1766.6,1760.95,1764.9,6255.69
2022.09.11 23:15,1764.9,1765.7,1752.5,1762,16389.71
2022.09.11 23:30,1762,1763.05,1744.3,1752.6,27122.23
2022.09.11 23:45,1752.6,1758.9,1745.55,1757.75,11819.66
2022.09.12 00:00,1757.75,1764.5,1756.5,1762.25,12445.23
2022.09.12 00:15,1762.25,1762.3,1752.3,1753,8622.18
2022.09.12 00:30,1753,1757.65,1750.2,1756.6,6830.11
2022.09.12 00:45,1756.6,1756.6,1717.85,1731.15,47448.9
2022.09.12 01:00,1731.15,1751.35,1731.15,1751.05,24545.66
2022.09.12 01:15,1751.05,1751.05,1742.6,1746.2,10664.06
2022.09.12 01:30,1746.2,1753.3,1745.8,1747.95,6995.85
2022.09.12 01:45,1747.95,1750.8,1743,1744.7,6393.16
2022.09.12 02:00,1744.7,1747.8,1736.55,1746.25,14677.62
2022.09.12 02:15,1746.25,1753.5,1744.3,1749.4,10126.57
2022.09.12 02:30,1749.4,1758.5,1748.7,1757.95,9325.19
2022.09.12 02:45,1757.95,1766.2,1756.3,1765,19906.48
2022.09.12 03:00,1765,1766.55,1757.3,1761.05,10069.06
2022.09.12 03:15,1761.05,1761.6,1754.25,1755.1,4601.17
2022.09.12 03:30,1755.1,1758.3,1746.1,1752.75,9489.71
2022.09.12 03:45,1752.75,1752.8,1733.35,1734.55,22277.17
2022.09.12 04:00,1734.55,1738.15,1728.1,1736.95,20414.84
2022.09.12 04:15,1736.95,1757.45,1736.7,1755.6,21883.62
2022.09.12 04:30,1755.6,1771.15,1744.1,1768.65,41448.84
2022.09.12 04:45,1768.65,1782.85,1759.45,1760.35,62341.91
2022.09.12 05:00,1760.35,1764.95,1737.85,1743.3,34226.55
2022.09.12 05:15,1743.3,1745.75,1732.4,1740.2,35318.03
2022.09.12 05:30,1740.2,1746.1,1736,1741.45,12129.16
2022.09.12 05:45,1741.45,1742.7,1727.2,1735.55,23155.54
2022.09.12 06:00,1735.55,1739,1731.5,1736.15,9056.86
2022.09.12 06:15,1736.15,1736.95,1720.25,1724.65,26176.41
2022.09.12 06:30,1724.65,1725.65,1711,1722.6,40667.67
2022.09.12 06:45,1722.6,1727.55,1720.95,1725.95,10228.25
2022.09.12 07:00,1725.95,1728.9,1723.85,1725,7336.8
2022.09.12 07:15,1725,1729.9,1718.85,1729.5,8993.34
2022.09.12 07:30,1729.5,1732.4,1726.35,1726.4,5904.45
2022.09.12 07:45,1726.4,1728.65,1722.9,1725.9,5228.87
2022.09.12 08:00,1725.9,1728.95,1721,1722.55,5349.83
2022.09.12 08:15,1722.55,1726.5,1715.5,1725.7,11537.22
2022.09.12 08:30,1725.7,1730.55,1724.3,1730.35,6116.38
2022.09.12 08:45,1730.35,1730.65,1726.5,1727.7,4479.48
2022.09.12 09:00,1727.7,1728.8,1723.2,1724.8,6018.74
2022.09.12 09:15,1724.8,1728.85,1722.9,1728.25,3500.38
2022.09.12 09:30,1728.25,1735.05,1727.35,1732.4,8551.82
2022.09.12 09:45,1732.4,1737,1731.5,1735.9,6422.58
2022.09.12 10:00,1735.9,1741.25,1734.2,1740.8,9337.6
2022.09.12 10:15,1740.8,1746.5,1735.45,1741.75,20347.78
2022.09.12 10:30,1741.75,1750.75,1741.75,1748.2,13556.09
2022.09.12 10:45,1748.2,1759.9,1744.15,1757.1,25156.03
2022.09.12 11:00,1757.1,1758.1,1749,1754.65,17238.09
2022.09.12 11:15,1754.65,1756.7,1750,1750.8,12124.44
2022.09.12 11:30,1750.8,1758,1750,1757.2,7388.58
2022.09.12 11:45,1757.2,1764.5,1751.95,1752.8,11190.56
2022.09.12 12:00,1752.8,1757.5,1751.55,1754.8,4698.1
2022.09.12 12:15,1754.8,1755.3,1749.15,1749.95,4992.16
2022.09.12 12:30,1749.95,1752.85,1743.6,1748.8,13646.8
2022.09.12 12:45,1748.8,1750.1,1744.6,1749.9,6275.3
2022.09.12 13:00,1749.9,1749.9,1729.05,1733.1,29736.82
2022.09.12 13:15,1733.1,1741.85,1730.35,1739.6,11344.7
2022.09.12 13:30,1739.6,1747.85,1739.4,1743.35,11137.2
2022.09.12 13:45,1743.35,1747.2,1742,1743.3,5507.75
2022.09.12 14:00,1743.3,1745,1738.9,1742.1,7505.3
2022.09.12 14:15,1742.1,1753.3,1742.1,1751.3,12129.41
2022.09.12 14:30,1751.3,1757.5,1750.2,1755.45,9985.84
2022.09.12 14:45,1755.45,1760.55,1746.05,1747.55,20096.46
2022.09.12 15:00,1747.55,1748.85,1743.7,1746.55,6395.37
2022.09.12 15:15,1746.55,1747.1,1732.1,1739.15,19147.41
2022.09.12 15:30,1739.15,1747.55,1738.85,1744.45,15147.76
2022.09.12 15:45,1744.45,1749,1742.5,1745.5,7162.47
2022.09.12 16:00,1745.5,1747.45,1740.7,1747.4,6740.7
2022.09.12 16:15,1747.4,1749.95,1743.05,1746.75,5183.47
2022.09.12 16:30,1746.75,1752.5,1736.6,1744.25,25169.07
2022.09.12 16:45,1744.25,1751.25,1740.55,1749.7,14444.09
2022.09.12 17:00,1749.7,1753.75,1745.4,1750.9,11306.89
2022.09.12 17:15,1750.9,1753.35,1740.75,1743.7,10418.7
2022.09.12 17:30,1743.7,1744.3,1734.3,1737.4,15055.77
2022.09.12 17:45,1737.4,1742.75,1730.95,1734.8,12385.06
2022.09.12 18:00,1734.8,1734.85,1721.1,1728.6,27531.45
2022.09.12 18:15,1728.6,1733,1726.2,1729.05,12772.44
2022.09.12 18:30,1729.05,1731.75,1718,1719.1,18951.57
2022.09.12 18:45,1719.1,1722,1693.25,1705.7,68299.25
2022.09.12 19:00,1705.7,1711.65,1691.75,1698.65,44604.98
2022.09.12 19:15,1698.65,1714.7,1695.45,1714.65,26696.17
2022.09.12 19:30,1714.65,1716,1706.7,1715.85,16563.36
2022.09.12 19:45,1715.85,1716.65,1708.8,1712.2,9265.08
2022.09.12 20:00,1712.2,1715.1,1700.5,1714.1,17442.51
2022.09.12 20:15,1714.1,1717.25,1709.7,1713.2,9858.19
2022.09.12 20:30,1713.2,1713.8,1706.35,1707,8249.9
2022.09.12 20:45,1707,1728.35,1707,1727.55,22349.31
2022.09.12 21:00,1727.55,1728.3,1716.7,1727.5,16167.97
2022.09.12 21:15,1727.5,1732.5,1720,1720.55,17718.63
2022.09.12 21:30,1720.55,1723.4,1718.45,1722.2,5179.79
2022.09.12 21:45,1722.2,1730,1721.2,1727.55,9001.19
2022.09.12 22:00,1727.55,1729.8,1723.2,1723.2,6301.34
2022.09.12 22:15,1723.2,1724,1718.1,1722.1,11372.44
2022.09.12 22:30,1722.1,1728.75,1721.05,1727.9,5709.85
2022.09.12 22:45,1727.9,1728.8,1722.25,1724.9,4945.5
2022.09.12 23:00,1724.9,1730,1718.85,1722.95,15671.95
2022.09.12 23:15,1722.95,1724.75,1720.3,1723.35,5619.89
2022.09.12 23:30,1723.35,1726.8,1722.5,1724.45,3923.36
2022.09.12 23:45,1724.45,1726.4,1720.6,1722.55,3710.89
2022.09.13 00:00,1722.55,1722.65,1706.55,1709.65,18411.38
2022.09.13 00:15,1709.65,1709.75,1701.4,1709.4,11664.28
2022.09.13 00:30,1709.4,1722,1708.95,1719.25,8320.74
2022.09.13 00:45,1719.25,1721.25,1710.5,1715,6017.02
2022.09.13 01:00,1715,1716.35,1709.35,1711.25,5427.25
2022.09.13 01:15,1711.25,1714.85,1703.4,1706.05,10256.89
2022.09.13 01:30,1706.05,1711.75,1700,1711.75,9506.59
2022.09.13 01:45,1711.75,1714,1701.05,1705.3,10112.09
2022.09.13 02:00,1705.3,1712.75,1702.1,1709.4,7811.81
2022.09.13 02:15,1709.4,1711.95,1703.8,1706.95,6621.69
2022.09.13 02:30,1706.95,1710.6,1704.7,1708.2,5129.61
2022.09.13 02:45,1708.2,1716.15,1705.15,1715.55,8304.99
2022.09.13 03:00,1715.55,1717,1706.5,1710.4,8379.4
2022.09.13 03:15,1710.4,1710.8,1673.55,1679.05,68665.95
2022.09.13 03:30,1679.05,1689.9,1675.45,1685.65,25433.54
2022.09.13 03:45,1685.65,1691.3,1684.2,1686.2,10131.09
2022.09.13 04:00,1686.2,1695,1684.5,1693.2,9634.54
2022.09.13 04:15,1693.2,1693.7,1687.95,1690.65,8003.17
2022.09.13 04:30,1690.65,1691,1683.1,1687.55,8043.51
2022.09.13 04:45,1687.55,1699.25,1686.15,1694.65,8946.9
2022.09.13 05:00,1694.65,1694.65,1678.65,1680.55,12989.61
2022.09.13 05:15,1680.55,1696.75,1680.25,1693.9,12325.87
2022.09.13 05:30,1693.9,1697.35,1692.7,1695.65,6129.26
2022.09.13 05:45,1695.65,1707.7,1693.6,1707.15,17378.99
2022.09.13 06:00,1707.15,1709.35,1704.45,1705.45,7848.36
2022.09.13 06:15,1705.45,1705.95,1699.55,1703.2,6068.8
2022.09.13 06:30,1703.2,1707.3,1702,1704.8,2110.68
2022.09.13 06:45,1704.8,1714.5,1703.6,1714.15,10805.74
2022.09.13 07:00,1714.15,1714.15,1707.5,1709.35,4202.89
2022.09.13 07:15,1709.35,1724,1707.1,1720.65,23927.16
2022.09.13 07:30,1720.65,1722.7,1715.25,1715.8,5438.15
2022.09.13 07:45,1715.8,1716.3,1710.45,1712.4,4008.22
2022.09.13 08:00,1712.4,1717.1,1709.6,1717.1,7204.8
2022.09.13 08:15,1717.1,1719.85,1712.75,1713.65,5707.55
2022.09.13 08:30,1713.65,1719.9,1711.8,1717.45,7950.83
2022.09.13 08:45,1717.45,1719.5,1713.7,1717.85,5825.61
2022.09.13 09:00,1717.85,1722.75,1716.85,1720.55,7826.69
2022.09.13 09:15,1720.55,1722.5,1719,1719.5,3392.15
2022.09.13 09:30,1719.5,1732,1704.6,1714.4,38601.79
2022.09.13 09:45,1714.4,1714.55,1697.75,1705.15,25216.02
2022.09.13 10:00,1705.15,1713.35,1697.05,1702.95,12620.79
2022.09.13 10:15,1702.95,1712,1701.35,1709.3,12907.73
2022.09.13 10:30,1709.3,1716.75,1707.8,1716,10667.27
2022.09.13 10:45,1716,1720.9,1712.8,1714.7,9826.64
2022.09.13 11:00,1714.7,1717,1710.45,1714.95,8420.42
2022.09.13 11:15,1714.95,1716.45,1711.45,1713.85,3805.18
2022.09.13 11:30,1713.85,1714.6,1707.2,1709.55,8478.18
2022.09.13 11:45,1709.55,1715.8,1708.25,1713.65,3437.72
2022.09.13 12:00,1713.65,1717.7,1713.1,1715.85,4819.88
2022.09.13 12:15,1715.85,1723.05,1715.25,1718.5,11318.2
2022.09.13 12:30,1718.5,1724.95,1718.05,1723.6,13585.66
2022.09.13 12:45,1723.6,1724.5,1718.7,1720.65,6269.91
2022.09.13 13:00,1720.65,1722,1717.35,1718.55,6622.45
2022.09.13 13:15,1718.55,1727.55,1717.95,1725,10517.44
2022.09.13 13:30,1725,1737.7,1722.8,1735.8,23238.86
2022.09.13 13:45,1735.8,1739.7,1730.35,1730.65,16821.22
2022.09.13 14:00,1730.65,1739.35,1730.65,1736.35,10310.66
2022.09.13 14:15,1736.35,1745.5,1735.65,1742.05,23815.65
2022.09.13 14:30,1742.05,1742.85,1731.45,1736.75,20445.4
2022.09.13 14:45,1736.75,1738.55,1732.6,1736.7,7861.91
2022.09.13 15:00,1736.7,1744,1736.3,1740,14967.43
2022.09.13 15:15,1740,1754.7,1733.45,1751.55,45706.23
2022.09.13 15:30,1751.55,1759.7,1652.15,1673.6,338167.57
2022.09.13 15:45,1673.6,1683.6,1615,1627.9,133518.52
2022.09.13 16:00,1627.9,1638.2,1610.2,1614.3,62181.3
2022.09.13 16:15,1614.3,1621.3,1603,1608.3,60790.06
2022.09.13 16:30,1608.3,1623.95,1594,1608.55,73023.38
2022.09.13 16:45,1608.55,1616.4,1600.1,1602.2,42290.76
2022.09.13 17:00,1602.2,1610.8,1589.75,1609.55,43171.93
2022.09.13 17:15,1609.55,1611.9,1599.1,1603.95,18512.11
2022.09.13 17:30,1603.95,1605.6,1583.75,1592.75,37987.89
2022.09.13 17:45,1592.75,1593,1573.5,1588.4,64508.25
2022.09.13 18:00,1588.4,1594.05,1585.05,1588.25,24894.51
2022.09.13 18:15,1588.25,1592.85,1583.6,1590.6,18188.36
2022.09.13 18:30,1590.6,1596.05,1586.4,1590.8,17261.06
2022.09.13 18:45,1590.8,1594.65,1584.75,1592.7,15708.51
2022.09.13 19:00,1592.7,1601.3,1587,1599.9,23214.21
2022.09.13 19:15,1599.9,1602.1,1587.95,1590.35,16176
2022.09.13 19:30,1590.35,1611.5,1589.1,1609.55,26228.31
2022.09.13 19:45,1609.55,1614.55,1606.3,1609.05,22714.02
2022.09.13 20:00,1609.05,1618.7,1605.95,1617.8,25109.71
2022.09.13 20:15,1617.8,1627.45,1613.1,1626.15,21551.74
2022.09.13 20:30,1626.15,1627.75,1618.2,1619.85,16830.36
2022.09.13 20:45,1619.85,1620.4,1613.05,1616.15,19705.99
2022.09.13 21:00,1616.15,1617.6,1608.75,1616.3,14996.47
2022.09.13 21:15,1616.3,1619.7,1602.5,1608.7,23024.09
2022.09.13 21:30,1608.7,1611.25,1603.45,1604.2,17598.12
2022.09.13 21:45,1604.2,1605.5,1575.55,1577.55,59740.39
2022.09.13 22:00,1577.55,1589.8,1568,1581.4,61942.29
2022.09.13 22:15,1581.4,1594.45,1580.85,1588.25,31208.45
2022.09.13 22:30,1588.25,1599,1585,1596.65,20980.85
2022.09.13 22:45,1596.65,1605.7,1590.45,1603.1,23270.46
2022.09.13 23:00,1603.1,1615.95,1601.85,1614.7,18638.85
2022.09.13 23:15,1614.7,1618.85,1610.35,1613.75,21493.78
2022.09.13 23:30,1613.75,1622.4,1612.75,1615.7,18462.22
2022.09.13 23:45,1615.7,1616.55,1604.2,1605.95,22243.58
2022.09.14 00:00,1605.95,1606.7,1588,1601.45,32854.97
2022.09.14 00:15,1601.45,1603.95,1590.05,1590.05,12467.58
2022.09.14 00:30,1590.05,1596.75,1568.45,1578.2,31418.49
2022.09.14 00:45,1578.2,1597.2,1577.05,1594.25,22643.48
2022.09.14 01:00,1594.25,1596.8,1580.3,1586.65,22312.19
2022.09.14 01:15,1586.65,1595.15,1583.6,1591.8,14369.87
2022.09.14 01:30,1591.8,1595.4,1589,1592.2,9986.69
2022.09.14 01:45,1592.2,1593.55,1585.15,1585.15,8769.26
2022.09.14 02:00,1585.15,1586.3,1572.8,1574.85,23624.78
2022.09.14 02:15,1574.85,1578.8,1558.1,1566.65,51330.46
2022.09.14 02:30,1566.65,1576.2,1565.65,1573.7,15739.82
2022.09.14 02:45,1573.7,1576.1,1570.5,1572.2,9801.5
2022.09.14 03:00,1572.2,1576.9,1561.75,1575.85,30321.55
2022.09.14 03:15,1575.85,1575.9,1549.95,1567.6,44310.08
2022.09.14 03:30,1567.6,1572.45,1555.55,1571.55,24508.18
2022.09.14 03:45,1571.55,1572.45,1566.5,1571,9887.81
2022.09.14 04:00,1571,1576.55,1568.6,1573.75,14913.98
2022.09.14 04:15,1573.75,1577.55,1569.2,1577.55,9738.05
2022.09.14 04:30,1577.55,1577.55,1572.05,1574.95,7670.24
2022.09.14 04:45,1574.95,1580.7,1573.4,1579.35,10967.44
2022.09.14 05:00,1579.35,1586.8,1577.35,1585.6,12282.79
2022.09.14 05:15,1585.6,1595.6,1582.1,1584.25,23482.79
2022.09.14 05:30,1584.25,1589.9,1584,1587.05,8050.35
2022.09.14 05:45,1587.05,1597.85,1586,1596.85,11785.85
2022.09.14 06:00,1596.85,1599,1590.3,1598.1,14278.38
2022.09.14 06:15,1598.1,1603.75,1595.7,1601.45,14491.19
2022.09.14 06:30,1601.45,1606.75,1595.2,1595.9,18813.81
2022.09.14 06:45,1595.9,1599,1591.6,1598.55,11418.36
2022.09.14 07:00,1598.55,1599.15,1594.1,1594.55,8208.29
2022.09.14 07:15,1594.55,1598.4,1593.05,1597.75,10109.86
2022.09.14 07:30,1597.75,1615.5,1597.4,1610.45,32720.16
2022.09.14 07:45,1610.45,1618.6,1609.4,1617.25,13722.43
2022.09.14 08:00,1617.25,1619.5,1614.25,1616.6,9269.16
2022.09.14 08:15,1616.6,1617.15,1612.15,1612.7,17356.69
2022.09.14 08:30,1612.7,1615,1609.1,1609.7,8819.97
2022.09.14 08:45,1609.7,1612.1,1608.05,1609.95,8040.28
2022.09.14 09:00,1609.95,1614.6,1606.55,1613.5,10431.88
2022.09.14 09:15,1613.5,1613.55,1606.1,1609.8,7898.63
2022.09.14 09:30,1609.8,1612.4,1600.25,1601.4,14024.19
2022.09.14 09:45,1601.4,1609.2,1601.25,1605,9684.51
2022.09.14 10:00,1605,1615.3,1605,1610.35,22316.64
2022.09.14 10:15,1610.35,1612.15,1604.7,1607.3,10142.12
2022.09.14 10:30,1607.3,1611.25,1606.9,1609.2,17136.14
2022.09.14 10:45,1609.2,1611.05,1595.6,1610.3,24551.06
2022.09.14 11:00,1610.3,1610.3,1584.1,1588.25,51438.38
2022.09.14 11:15,1588.25,1593.55,1580.15,1582.7,24530.52
2022.09.14 11:30,1582.7,1600.2,1582.7,1598.6,23019.76
2022.09.14 11:45,1598.6,1600.9,1596.7,1599.15,10183.53
2022.09.14 12:00,1599.15,1602.75,1595.65,1597.1,10185.74
2022.09.14 12:15,1597.1,1603.4,1592.55,1603.25,8910.52
2022.09.14 12:30,1603.25,1606.8,1597.2,1598.1,11015.5
2022.09.14 12:45,1598.1,1601.3,1596.1,1600.75,10560.19
2022.09.14 13:00,1600.75,1602.3,1597.4,1597.5,4569.31
2022.09.14 13:15,1597.5,1599.75,1591.25,1593,7189
2022.09.14 13:30,1593,1597.15,1590.05,1593.1,7353.33
2022.09.14 13:45,1593.1,1599.45,1593.05,1598.2,6300.33
2022.09.14 14:00,1598.2,1602.8,1595.7,1598.9,5794.56
2022.09.14 14:15,1598.9,1600,1596.4,1597.1,5896.93
2022.09.14 14:30,1597.1,1600,1594.6,1597.8,6173.76
2022.09.14 14:45,1597.8,1598.35,1578,1591.35,39881.72
2022.09.14 15:00,1591.35,1592.9,1581.1,1588.6,23626.63
2022.09.14 15:15,1588.6,1591,1583.1,1588.35,19646.21
2022.09.14 15:30,1588.35,1610.6,1581.8,1604.75,53370.47
2022.09.14 15:45,1604.75,1606.7,1596,1601.55,18569.29
2022.09.14 16:00,1601.55,1607.95,1594.6,1606.25,21629.8
2022.09.14 16:15,1606.25,1606.75,1599.2,1602.25,8674.84
2022.09.14 16:30,1602.25,1605.15,1586.55,1602.4,43217.74
2022.09.14 16:45,1602.4,1608.9,1594,1601.95,23317.5
2022.09.14 17:00,1601.95,1604.85,1595.65,1599.75,13753.08
2022.09.14 17:15,1599.75,1603,1584.4,1584.65,22079.52
2022.09.14 17:30,1584.65,1599.7,1584.4,1596.55,22897.94
2022.09.14 17:45,1596.55,1600.9,1593.8,1599.6,11201.48
2022.09.14 18:00,1599.6,1601.85,1595.75,1596.7,15702.94
2022.09.14 18:15,1596.7,1596.75,1591.15,1593.2,6394.91
2022.09.14 18:30,1593.2,1597.35,1588.3,1596.95,8954.98
2022.09.14 18:45,1596.95,1599.35,1591.5,1593.1,7070.87
2022.09.14 19:00,1593.1,1596.8,1586.55,1589.3,14972.82
2022.09.14 19:15,1589.3,1590.95,1574,1578.75,33324.14
2022.09.14 19:30,1578.75,1588.4,1578.75,1587,17372.64
2022.09.14 19:45,1587,1588.2,1576.35,1580.1,11548.14
2022.09.14 20:00,1580.1,1585.45,1578.45,1584.6,11855.87
2022.09.14 20:15,1584.6,1597.55,1583.85,1595.15,19772.72
2022.09.14 20:30,1595.15,1595.45,1587.7,1590.65,6426.82
2022.09.14 20:45,1590.65,1591.6,1583.1,1583.4,21344.19
2022.09.14 21:00,1583.4,1588.95,1562.35,1567.35,51806.74
2022.09.14 21:15,1567.35,1582.55,1550.4,1578.2,69397.56
2022.09.14 21:30,1578.2,1585.6,1572.6,1575.45,25399.43
2022.09.14 21:45,1575.45,1581.85,1570.85,1573.75,18243.31
2022.09.14 22:00,1573.75,1581.45,1572.65,1575.85,11534.33
2022.09.14 22:15,1575.85,1584.3,1568.6,1582.05,15369.7
2022.09.14 22:30,1582.05,1589.55,1576.4,1587.1,13597.46
2022.09.14 22:45,1587.1,1595.7,1586.2,1594.5,18304.78
2022.09.14 23:00,1594.5,1595.5,1588.3,1591.4,9555.88
2022.09.14 23:15,1591.4,1595.15,1585.95,1591.6,9679.15
2022.09.14 23:30,1591.6,1597.7,1590.3,1593.3,9204.98
2022.09.14 23:45,1593.3,1598.2,1591.1,1596.1,9167.06
2022.09.15 00:00,1596.1,1596.5,1587.3,1588.9,10308.04
2022.09.15 00:15,1588.9,1596.75,1588.8,1594.25,7827.89
2022.09.15 00:30,1594.25,1604.2,1593.85,1603.25,12687.2
2022.09.15 00:45,1603.25,1616.65,1597.7,1614.2,24581.12
2022.09.15 01:00,1614.2,1621.65,1609.25,1617.1,23094.15
2022.09.15 01:15,1617.1,1618.25,1607.8,1610.75,15072.62
2022.09.15 01:30,1610.75,1642.3,1610.2,1637,60410.83
2022.09.15 01:45,1637,1641.95,1630,1634.35,31216.86
2022.09.15 02:00,1634.35,1641.3,1630,1631.3,21413.37
2022.09.15 02:15,1631.3,1633.15,1623.05,1625.4,28787.67
2022.09.15 02:30,1625.4,1630.95,1623.15,1630.45,11656.28
2022.09.15 02:45,1630.45,1636.7,1626.2,1636,14454.05
2022.09.15 03:00,1636,1640.35,1624.65,1635.35,50928
2022.09.15 03:15,1635.35,1643.5,1628.05,1632.8,33012.7
2022.09.15 03:30,1632.8,1633.2,1615.5,1621.35,37034.68
2022.09.15 03:45,1621.35,1626.8,1617,1619,14716.78
2022.09.15 04:00,1619,1621.2,1588.3,1596.05,61272.51
2022.09.15 04:15,1596.05,1611.75,1594.9,1610,26150.08
2022.09.15 04:30,1610,1615,1606.6,1612.45,20703.08
2022.09.15 04:45,1612.45,1619.35,1610.8,1618.45,15289.64
2022.09.15 05:00,1618.45,1618.45,1602.75,1605.75,17468.72
2022.09.15 05:15,1605.75,1606.35,1592,1602.55,28922.72
2022.09.15 05:30,1602.55,1609.1,1599.5,1601.8,15582.9
2022.09.15 05:45,1601.8,1609,1598.65,1605.9,15846.75
2022.09.15 06:00,1605.9,1607.25,1570.1,1587.8,65429.23
2022.09.15 06:15,1587.8,1601.2,1580.1,1593.3,31102.49
2022.09.15 06:30,1593.3,1594.75,1582.2,1590.5,18880.54
2022.09.15 06:45,1590.5,1597.15,1590,1594.8,14725.45
2022.09.15 07:00,1594.8,1599.1,1581.55,1590.65,25364.66
2022.09.15 07:15,1590.65,1593.5,1583.45,1592.55,10274.15
2022.09.15 07:30,1592.55,1597.35,1583.7,1589.35,16151.21
2022.09.15 07:45,1589.35,1601.05,1587.2,1591.05,16445.42
2022.09.15 08:00,1591.05,1598.2,1586.05,1589.25,15260.82
2022.09.15 08:15,1589.25,1598.35,1589.2,1597.25,14224.74
2022.09.15 08:30,1597.25,1605.2,1596.1,1598.15,21028.85
2022.09.15 08:45,1598.15,1612.8,1598.15,1611.25,27275.16
2022.09.15 09:00,1611.25,1611.3,1571.55,1585.55,62499.26
2022.09.15 09:15,1585.55,1595.75,1567.3,1588.05,74849.47
2022.09.15 09:30,1588.05,1631.3,1575,1600.9,162800.81
2022.09.15 09:45,1600.9,1645.6,1582.95,1605.65,162229.2
2022.09.15 10:00,1605.65,1626.75,1600,1626.15,51519.34
2022.09.15 10:15,1626.15,1659,1624.2,1641.3,111638.08
2022.09.15 10:30,1641.3,1646.8,1628.15,1636.9,40906.59
2022.09.15 10:45,1636.9,1643.25,1631.75,1643.25,25639.99
2022.09.15 11:00,1643.25,1643.25,1616.55,1623.25,72573.64
2022.09.15 11:15,1623.25,1624.75,1602.6,1605.05,46969.96
2022.09.15 11:30,1605.05,1613.75,1597.6,1604.45,29834.63
2022.09.15 11:45,1604.45,1610.55,1596.6,1607.35,16459.88
2022.09.15 12:00,1607.35,1608.3,1595.6,1602.8,16867.62
2022.09.15 12:15,1602.8,1604.8,1585,1587.7,28031.71
2022.09.15 12:30,1587.7,1596.05,1587.7,1589.7,20302.22
2022.09.15 12:45,1589.7,1592.85,1582.3,1589.1,20429.46
2022.09.15 13:00,1589.1,1594.8,1581.55,1589.55,20745.77
2022.09.15 13:15,1589.55,1594.9,1588.35,1593,16028.08
2022.09.15 13:30,1593,1593.05,1580.1,1583.7,18865.02
2022.09.15 13:45,1583.7,1585.4,1576.05,1583.8,19826.18
2022.09.15 14:00,1583.8,1584,1573.5,1579.4,19875.55
2022.09.15 14:15,1579.4,1594.1,1577.35,1591.8,27817.3
2022.09.15 14:30,1591.8,1593.85,1586.3,1587.5,12639.47
2022.09.15 14:45,1587.5,1593.3,1586.3,1590.85,6161.94
2022.09.15 15:00,1590.85,1593.9,1581.8,1592.1,19572.74
2022.09.15 15:15,1592.1,1592.6,1583.55,1586.05,7696.94
2022.09.15 15:30,1586.05,1599.55,1582.2,1589.1,37352.97
2022.09.15 15:45,1589.1,1592.75,1586.7,1587.45,10514.85
2022.09.15 16:00,1587.45,1591.1,1584.75,1588,10815.83
2022.09.15 16:15,1588,1590.35,1575.15,1579.4,21389.12
2022.09.15 16:30,1579.4,1587.5,1567.3,1580.45,37265.42
2022.09.15 16:45,1580.45,1588.55,1577.35,1586.1,20953.35
2022.09.15 17:00,1586.1,1590.95,1580.8,1582.4,14571.7
2022.09.15 17:15,1582.4,1587.45,1558,1567.2,37178.46
2022.09.15 17:30,1567.2,1571.85,1502.9,1518.15,208112.87
2022.09.15 17:45,1518.15,1525.45,1481,1490.75,134966.58
2022.09.15 18:00,1490.75,1495.35,1472.05,1477.1,87096.38
2022.09.15 18:15,1477.1,1490.35,1453.6,1487.45,108514.91
2022.09.15 18:30,1487.45,1500.85,1484.15,1490.55,64494.14
2022.09.15 18:45,1490.55,1494.6,1484.6,1491.85,26536.02
2022.09.15 19:00,1491.85,1492,1481.4,1483.65,37201.05
2022.09.15 19:15,1483.65,1502.25,1483.45,1498.45,44337.68
2022.09.15 19:30,1498.45,1506.6,1495.85,1503.05,38415.77
2022.09.15 19:45,1503.05,1508.9,1500.2,1508.2,18400.55
2022.09.15 20:00,1508.2,1515.8,1506.3,1513.45,33636.64
2022.09.15 20:15,1513.45,1517.1,1510.5,1510.5,21434.45
2022.09.15 20:30,1510.5,1512.9,1507.5,1508.65,14184.94
2022.09.15 20:45,1508.65,1509.85,1503,1507.05,18993.65
2022.09.15 21:00,1507.05,1507.25,1495.05,1502.3,35913.07
2022.09.15 21:15,1502.3,1510.15,1500.45,1509.15,13013.98
2022.09.15 21:30,1509.15,1512.8,1503.9,1506.35,11775.27
2022.09.15 21:45,1506.35,1506.35,1490.9,1497.6,22834.13
2022.09.15 22:00,1497.6,1498.5,1487.95,1493.15,16182.47
2022.09.15 22:15,1493.15,1496.65,1490,1491.8,19246.77
2022.09.15 22:30,1491.8,1502.7,1490.2,1500.45,17167.38
2022.09.15 22:45,1500.45,1506.2,1496.15,1496.5,19449.52
2022.09.15 23:00,1496.5,1508.75,1496.5,1505.85,10614.11
2022.09.15 23:15,1505.85,1507,1500.75,1503,10579.02
2022.09.15 23:30,1503,1503,1492.7,1496.55,15376.16
2022.09.15 23:45,1496.55,1503.9,1493.95,1503.25,9518.98
2022.09.16 00:00,1503.25,1503.75,1500.1,1500.35,8334.16
2022.09.16 00:15,1500.35,1500.55,1492.25,1493.75,10603.24
2022.09.16 00:30,1493.75,1495.95,1489.15,1494.2,10404.31
2022.09.16 00:45,1494.2,1494.2,1482.1,1489.45,37486.28
2022.09.16 01:00,1489.45,1489.5,1475.2,1480.6,44093.72
2022.09.16 01:15,1480.6,1485.75,1475.35,1480.8,21384.51
2022.09.16 01:30,1480.8,1483.4,1468.5,1470.1,30756.12
2022.09.16 01:45,1470.1,1475.35,1457.1,1474.35,45359.53
2022.09.16 02:00,1474.35,1478.8,1461.45,1467.9,35231.95
2022.09.16 02:15,1467.9,1477,1463.35,1475.3,13738.32
2022.09.16 02:30,1475.3,1477.45,1468.05,1474.35,11474.75
2022.09.16 02:45,1474.35,1476.5,1465.3,1472,11524.58
2022.09.16 03:00,1472,1476.85,1461.7,1465.95,29528.98
2022.09.16 03:15,1465.95,1475,1445.6,1474.55,82356.9
2022.09.16 03:30,1474.55,1474.6,1460.7,1470.65,18746.97
2022.09.16 03:45,1470.65,1482.75,1467.2,1481.75,20924.61
2022.09.16 04:00,1481.75,1482.3,1473.25,1478.95,13167.67
2022.09.16 04:15,1478.95,1481.3,1474.25,1478.2,8588.15
2022.09.16 04:30,1478.2,1480.4,1472,1474.1,8839.12
2022.09.16 04:45,1474.1,1476.25,1465.15,1470.7,18645.07
2022.09.16 05:00,1470.7,1473.4,1461,1462.6,13220.67
2022.09.16 05:15,1462.6,1467.9,1460.8,1465.85,7869.3
2022.09.16 05:30,1465.85,1470.3,1455.05,1455.1,18737.66
2022.09.16 05:45,1455.1,1467.3,1452,1466.3,14633.16
2022.09.16 06:00,1466.3,1468.65,1459.4,1461.8,9048.38
2022.09.16 06:15,1461.8,1470.55,1461.4,1467.55,10120.05
2022.09.16 06:30,1467.55,1472.25,1466.35,1467.8,12961.39
2022.09.16 06:45,1467.8,1473.5,1466.1,1473.05,7953.29
2022.09.16 07:00,1473.05,1479.45,1472.7,1479,15380.63
2022.09.16 07:15,1479,1479,1474.35,1474.6,5665.06
2022.09.16 07:30,1474.6,1476.7,1472.5,1473.1,6470
2022.09.16 07:45,1473.1,1474.15,1468.2,1468.8,12118.87
2022.09.16 08:00,1468.8,1474.75,1468.55,1474.75,6375.88
2022.09.16 08:15,1474.75,1478.1,1472,1478,6267.3
2022.09.16 08:30,1478,1478,1472,1472.85,4903.22
2022.09.16 08:45,1472.85,1474,1469.95,1471.25,3216.94
2022.09.16 09:00,1471.25,1475.2,1466.2,1469.2,8196.33
2022.09.16 09:15,1469.2,1473.85,1468.95,1470.85,6749.01
2022.09.16 09:30,1470.85,1474.75,1468.8,1474.4,5309.24
2022.09.16 09:45,1474.4,1476.1,1469.15,1471.3,5853.34
2022.09.16 10:00,1471.3,1476.6,1470.2,1473.25,10783.06
2022.09.16 10:15,1473.25,1474.65,1470.4,1472.3,7231.67
2022.09.16 10:30,1472.3,1474.2,1470.6,1473.5,3913.32
2022.09.16 10:45,1473.5,1473.9,1468.35,1470.75,9399.29
2022.09.16 11:00,1470.75,1471,1462.05,1463.3,16271.82
2022.09.16 11:15,1463.3,1466.9,1455.8,1462,23541.16
2022.09.16 11:30,1462,1464.25,1440.75,1455.5,59965.27
2022.09.16 11:45,1455.5,1457.8,1446,1451.05,27855.35
2022.09.16 12:00,1451.05,1463.55,1450,1458.15,24882.08
2022.09.16 12:15,1458.15,1462.9,1457.15,1460.3,9778.67
2022.09.16 12:30,1460.3,1464.95,1457.15,1464.85,11856.02
2022.09.16 12:45,1464.85,1465.55,1461,1462,8122.55
2022.09.16 13:00,1462,1463.75,1459.25,1459.5,6396
2022.09.16 13:15,1459.5,1465.3,1457.8,1464.15,9922.52
2022.09.16 13:30,1464.15,1474.2,1462.5,1471.65,19419.79
2022.09.16 13:45,1471.65,1473,1466.8,1468.95,10205.2
2022.09.16 14:00,1468.95,1469.5,1465.95,1466.95,6756.38
2022.09.16 14:15,1466.95,1469.55,1464.75,1468.3,6689.09
2022.09.16 14:30,1468.3,1476.6,1466.7,1473.2,15905.91
2022.09.16 14:45,1473.2,1481.6,1470.25,1477.7,24219.26
2022.09.16 15:00,1477.7,1478,1469.45,1470.45,10908.39
2022.09.16 15:15,1470.45,1473.5,1464.2,1465.8,14729.73
2022.09.16 15:30,1465.8,1467,1462.5,1464.1,12230.74
2022.09.16 15:45,1464.1,1464.85,1451.2,1454.55,41562.52
2022.09.16 16:00,1454.55,1462.4,1453.6,1460.95,29182.08
2022.09.16 16:15,1460.95,1463.8,1458.5,1463,13750.97
2022.09.16 16:30,1463,1464.25,1446,1450.1,63084.6
2022.09.16 16:45,1450.1,1456.5,1421.55,1430.4,145226.5
2022.09.16 17:00,1430.4,1454.5,1423,1451.7,88439.4
2022.09.16 17:15,1451.7,1456.3,1436.6,1438.1,52129.25
2022.09.16 17:30,1438.1,1459.65,1437.9,1454.45,49892.98
2022.09.16 17:45,1454.45,1458.35,1446.05,1446.05,33537.61
2022.09.16 18:00,1446.05,1449.75,1442.5,1445.8,21685.51
2022.09.16 18:15,1445.8,1455.75,1444.7,1453.45,23950.9
2022.09.16 18:30,1453.45,1456.55,1440.85,1441.4,26282.23
2022.09.16 18:45,1441.4,1453.25,1438.5,1451.9,23572.78
2022.09.16 19:00,1451.9,1451.9,1436.5,1439.9,21542.12
2022.09.16 19:15,1439.9,1443.15,1410.1,1423.75,92523.14
2022.09.16 19:30,1423.75,1432.95,1412.35,1431.05,49671.58
2022.09.16 19:45,1431.05,1435,1423.85,1427.4,22009.69
2022.09.16 20:00,1427.4,1431.15,1413.8,1424.45,42850.38
2022.09.16 20:15,1424.45,1426.05,1404.2,1416.6,57400.91
2022.09.16 20:30,1416.6,1432.45,1415.4,1426.15,36463.66
2022.09.16 20:45,1426.15,1427,1418.55,1420.9,18883.5
2022.09.16 21:00,1420.9,1426.35,1415.65,1423.5,15817.43
2022.09.16 21:15,1423.5,1428.9,1409,1426.9,37982.15
2022.09.16 21:30,1426.9,1433.8,1424.8,1428.9,22077.06
2022.09.16 21:45,1428.9,1433.5,1426.35,1427.65,14617.2
2022.09.16 22:00,1427.65,1438.6,1426.95,1431.2,23816.79
2022.09.16 22:15,1431.2,1435.35,1428.25,1431.15,10946.7
2022.09.16 22:30,1431.15,1436,1428.65,1434.55,11550.43
2022.09.16 22:45,1434.55,1434.8,1426.55,1427.2,15960.7
2022.09.16 23:00,1427.2,1434.45,1427,1432.85,7315.8
2022.09.16 23:15,1432.85,1433.15,1427.95,1429.95,7205.13
2022.09.16 23:30,1429.95,1434.9,1427,1432.85,13120.97
2022.09.16 23:45,1432.85,1437.3,1431.65,1437.3,13513.7
2022.09.17 00:00,1437.3,1437.3,1433.6,1434.95,4138.51
2022.09.17 00:15,1434.95,1449.05,1434.95,1444.3,16339.44
2022.09.17 00:30,1444.3,1447.8,1436.6,1437.2,12890.94
2022.09.17 00:45,1437.2,1441.5,1433.75,1439.45,8500.29
2022.09.17 01:00,1439.45,1442,1434.2,1437.3,13696.02
2022.09.17 01:15,1437.3,1440.75,1435.15,1439.4,13286.79
2022.09.17 01:30,1439.4,1441.05,1435.6,1437.25,9503.7
2022.09.17 01:45,1437.25,1438.15,1430.2,1432,11125.48
2022.09.17 02:00,1432,1433.7,1428.85,1430.85,9646.91
2022.09.17 02:15,1430.85,1432.6,1427.5,1428.6,7509.16
2022.09.17 02:30,1428.6,1430,1422.6,1426.45,12355.21
2022.09.17 02:45,1426.45,1434.75,1425.55,1433.75,10958.84
2022.09.17 03:00,1433.75,1439.15,1430.45,1438.9,9408
2022.09.17 03:15,1438.9,1450.95,1436,1448.35,19303.13
2022.09.17 03:30,1448.35,1456.25,1446.05,1447.2,26799.94
2022.09.17 03:45,1447.2,1447.3,1440.3,1442.15,18947.68
2022.09.17 04:00,1442.15,1447.6,1440,1441.5,11604.26
2022.09.17 04:15,1441.5,1441.55,1437.6,1440.25,9414.52
2022.09.17 04:30,1440.25,1445,1439.35,1443.05,9434.38
2022.09.17 04:45,1443.05,1445.95,1441.15,1445.05,4594.86
2022.09.17 05:00,1445.05,1445.4,1440.7,1442.2,3805.45
2022.09.17 05:15,1442.2,1442.7,1437.7,1440.55,9287.22
2022.09.17 05:30,1440.55,1441,1435.65,1437.8,7580.39
2022.09.17 05:45,1437.8,1439.95,1437,1439,3931.42
2022.09.17 06:00,1439,1441.65,1438.7,1441.45,4231.73
2022.09.17 06:15,1441.45,1441.65,1436,1438.1,6828.98
2022.09.17 06:30,1438.1,1440.05,1437.2,1439.8,4932.83
2022.09.17 06:45,1439.8,1441.6,1438.5,1439.65,4056.31
2022.09.17 07:00,1439.65,1443.7,1438.5,1439,7773.35
2022.09.17 07:15,1439,1447,1439,1444.35,12947.22
2022.09.17 07:30,1444.35,1445.45,1441.65,1442.75,4897.95
2022.09.17 07:45,1442.75,1444.15,1439.9,1440,2802.38
2022.09.17 08:00,1440,1440.1,1432.3,1434.6,13966.85
2022.09.17 08:15,1434.6,1436,1432.45,1433.8,5484.98
2022.09.17 08:30,1433.8,1437.7,1426,1428.3,17228.4
2022.09.17 08:45,1428.3,1432.25,1426.85,1431.35,10303.43
2022.09.17 09:00,1431.35,1433.15,1428.9,1430.05,6068.35
2022.09.17 09:15,1430.05,1433.05,1428.95,1429.95,4998.97
2022.09.17 09:30,1429.95,1430.9,1424.45,1428,9765.1
2022.09.17 09:45,1428,1431.65,1427.1,1430.95,4950.61
2022.09.17 10:00,1430.95,1431.95,1427.9,1427.9,3976.76
2022.09.17 10:15,1427.9,1429.95,1425.65,1427.4,6003.95
2022.09.17 10:30,1427.4,1431.3,1427.4,1429.65,4126.91
2022.09.17 10:45,1429.65,1432.75,1427,1431.95,9339.64
2022.09.17 11:00,1431.95,1433,1430.4,1430.6,3992.46
2022.09.17 11:15,1430.6,1433,1429.6,1432.7,3462.08
2022.09.17 11:30,1432.7,1434.6,1430.55,1431.2,6421.24
2022.09.17 11:45,1431.2,1433.7,1429.25,1433.4,3791.38
2022.09.17 12:00,1433.4,1435,1432.95,1434.05,3631.13
2022.09.17 12:15,1434.05,1434.4,1429.5,1431.8,13041.32
2022.09.17 12:30,1431.8,1431.9,1429.7,1431.9,3103.88
2022.09.17 12:45,1431.9,1432.5,1430,1431.3,2864.44
2022.09.17 13:00,1431.3,1432.5,1430.5,1430.6,2763.85
2022.09.17 13:15,1430.6,1430.65,1426.3,1426.35,8994.73
2022.09.17 13:30,1426.35,1427.65,1415.5,1424.2,33628.01
2022.09.17 13:45,1424.2,1427.1,1422.7,1426.1,12790.27
2022.09.17 14:00,1426.1,1427,1421.65,1422.35,7325.1
2022.09.17 14:15,1422.35,1423.85,1418.55,1423.25,10766.75
2022.09.17 14:30,1423.25,1425,1420.75,1420.95,6597.34
2022.09.17 14:45,1420.95,1422.2,1419,1419.05,7243.57
2022.09.17 15:00,1419.05,1421.25,1412.5,1414.9,19509.72
2022.09.17 15:15,1414.9,1420.65,1408.55,1418.85,28073.27
2022.09.17 15:30,1418.85,1425,1417.75,1422.3,15896.04
2022.09.17 15:45,1422.3,1427.45,1420.55,1424.35,11865.65
