timeStamp,open,close,pSide,pPrice,pMargin,pliq,pEntry,pol1Limit,pol1Margin,pol1Stat,pol1Type,pol1From,gopLimit,gopMargin,gopStat,gopType,gopFrom,colLimit,colMargin,colStat,colType,colFrom,Column1,Column2
2022.09.01 01:00,1578.7,1567.95,long,1566.86,0.01,1492.43,1566.86,1566.86,0.01,filled,open Position,1578.7,0,0,open,open Position,0,0,0,open,open Position,0,,
2022.09.01 02:00,1567.95,1553.5,long,1559.03,0.02,1484.98,1566.86,1543.36,0.01,filled,open Position,1566.86,1684.37,0,open,close Position,1566.86,1492.43,0.01,open,close Position,1566.86,,
2022.09.01 03:00,1553.5,1550.3,long,1553.18,0.03,1479.4,1566.86,1535.64,0.01,filled,open Position,1559.03,1675.96,0.01,open,close Position,1559.03,1484.98,0.02,open,close Position,1559.03,,
2022.09.01 17:00,1567,1517.4,long,1548.52,0.04,1474.97,1566.86,1529.88,0.01,filled,open Position,1553.18,1669.67,0.02,open,close Position,1553.18,1479.4,0.03,open,close Position,1553.18,,
2022.09.01 18:00,1517.4,1535,long,1544.65,0.05,1471.28,1566.86,1525.29,0.01,filled,open Position,1548.52,1664.66,0.03,open,close Position,1548.52,1474.97,0.04,open,close Position,1548.52,,
2022.09.02 00:00,1579.3,1580.65,short,1590.54,0.01,1666.09,1590.54,1590.54,0.01,filled,open Position,1578.7,0,0,open,open Position,0,0,0,open,open Position,0,,
2022.09.02 15:00,1592.3,1622.85,short,1598.49,0.02,1674.42,1590.54,1614.4,0.01,filled,open Position,1590.54,1471.25,0,open,close Position,1590.54,1666.09,0.01,open,close Position,1590.54,,
2022.09.02 16:00,1622.85,1628.15,short,1604.48,0.03,1680.69,1590.54,1622.47,0.01,filled,open Position,1598.49,1478.6,0.01,open,close Position,1598.49,1674.42,0.02,open,close Position,1598.49,,
2022.09.02 17:00,1628.15,1636.05,short,1609.29,0.04,1685.73,1590.54,1628.55,0.01,filled,open Position,1604.48,1484.14,0.02,open,close Position,1604.48,1680.69,0.03,open,close Position,1604.48,,
2022.09.02 18:00,1636.05,1635.5,short,1613.31,0.05,1689.94,1590.54,1633.43,0.01,filled,open Position,1609.29,1488.59,0.03,open,close Position,1609.29,1685.73,0.04,open,close Position,1609.29,,
2022.09.02 19:00,1635.5,1609.45,short,1616.77,0.06,1693.57,1590.54,1637.51,0.01,filled,open Position,1613.31,1492.31,0.04,open,close Position,1613.31,1689.94,0.04,open,close Position,1613.31,,
2022.09.06 03:00,1616.65,1661.5,long,1544.65,0.01,1471.28,1566.86,1521.48,0.01,open,open Position,1544.65,1660.5,0.04,filled,close Position,1544.65,1471.28,0.04,open,close Position,1544.65,1.1585,0.015000162
2022.09.06 03:00,1616.65,1661.5,short,1619.8,0.07,1696.74,1590.54,1641.02,0.01,filled,open Position,1616.77,1495.51,0.05,open,close Position,1616.77,1693.57,0.05,open,close Position,1616.77,,
2022.09.06 04:00,1661.5,1638.7,long,1544.65,0.01,1471.28,1566.86,1521.48,0.01,open,open Position,1544.65,1660.5,0,filled,close Position,1544.65,1471.28,0.01,open,close Position,1544.65,1.1585,0.015000162
2022.09.06 04:00,1661.5,1638.7,short,1624.22,0.09,1701.37,1590.54,1644.1,0.02,filled,open Position,1619.8,1498.32,0.06,open,close Position,1619.8,1696.74,0.05,open,close Position,1619.8,,
2022.09.06 07:00,1639.45,1639.2,short,1627.97,0.11,1705.3,1590.54,1648.58,0.02,filled,open Position,1624.22,1502.4,0.08,open,close Position,1624.22,1701.37,0.07,open,close Position,1624.22,,
2022.09.06 08:00,1639.2,1651.25,long,1544.65,0.01,1471.28,1566.86,1521.48,0.01,open,open Position,1544.65,1660.5,0,filled,close Position,1544.65,1471.28,0.01,open,close Position,1544.65,1.1585,0.015000162
2022.09.06 08:00,1639.2,1651.25,short,1632.28,0.14,1709.81,1590.54,1652.39,0.03,filled,open Position,1627.97,1505.87,0.1,open,close Position,1627.97,1705.3,0.08,open,close Position,1627.97,,
2022.09.06 09:00,1651.25,1665,long,1544.65,0.01,1471.28,1566.86,1521.48,0.01,open,open Position,1544.65,1660.5,0,filled,close Position,1544.65,1471.28,0.01,open,close Position,1544.65,1.1585,0.015000162
2022.09.06 09:00,1651.25,1665,short,1636.73,0.18,1714.47,1590.54,1656.76,0.04,filled,open Position,1632.28,1509.86,0.13,open,close Position,1632.28,1709.81,0.1,open,close Position,1632.28,,
2022.09.06 10:00,1665,1657.85,long,1544.65,0.01,1471.28,1566.86,1521.48,0.01,open,open Position,1544.65,1660.5,0,filled,close Position,1544.65,1471.28,0.01,open,close Position,1544.65,1.1585,0.015000162
2022.09.06 10:00,1665,1657.85,short,1640.51,0.22,1718.43,1590.54,1661.28,0.04,filled,open Position,1636.73,1513.98,0.17,open,close Position,1636.73,1714.47,0.14,open,close Position,1636.73,,
2022.09.06 11:00,1657.85,1664.6,long,1544.65,0.01,1471.28,1566.86,1521.48,0.01,open,open Position,1544.65,1660.5,0,filled,close Position,1544.65,1471.28,0.01,open,close Position,1544.65,1.1585,0.015000162
2022.09.06 11:00,1657.85,1664.6,short,1644.85,0.28,1722.98,1590.54,1665.12,0.06,filled,open Position,1640.51,1517.47,0.21,open,close Position,1640.51,1718.43,0.16,open,close Position,1640.51,,
2022.09.06 12:00,1664.6,1657.55,long,1544.65,0.01,1471.28,1566.86,1521.48,0.01,open,open Position,1544.65,1660.5,0,filled,close Position,1544.65,1471.28,0.01,open,close Position,1544.65,1.1585,0.015000162
2022.09.06 13:00,1657.55,1662.7,long,1544.65,0.01,1471.28,1566.86,1521.48,0.01,open,open Position,1544.65,1660.5,0,filled,close Position,1544.65,1471.28,0.01,open,close Position,1544.65,1.1585,0.015000162
2022.09.06 14:00,1662.7,1667.05,long,1544.65,0.01,1471.28,1566.86,1521.48,0.01,open,open Position,1544.65,1660.5,0,filled,close Position,1544.65,1471.28,0.01,open,close Position,1544.65,1.1585,0.015000162
2022.09.06 14:00,1662.7,1667.05,short,1648.96,0.35,1727.29,1590.54,1669.52,0.07,filled,open Position,1644.85,1521.49,0.27,open,close Position,1644.85,1722.98,0.21,open,close Position,1644.85,,
2022.09.06 15:00,1667.05,1663.2,short,1653.16,0.44,1731.69,1590.54,1673.69,0.09,filled,open Position,1648.96,1525.29,0.34,open,close Position,1648.96,1727.29,0.26,open,close Position,1648.96,,
2022.09.06 16:00,1663.2,1648.65,long,1544.65,0.01,1471.28,1566.86,1521.48,0.01,open,open Position,1544.65,1660.5,0,filled,close Position,1544.65,1471.28,0.01,open,close Position,1544.65,1.1585,0.015000162
2022.09.06 17:00,1648.65,1665.2,long,1544.65,0.01,1471.28,1566.86,1521.48,0.01,open,open Position,1544.65,1660.5,0,filled,close Position,1544.65,1471.28,0.01,open,close Position,1544.65,1.1585,0.015000162
2022.09.06 18:00,1665.2,1668.8,long,1544.65,0.01,1471.28,1566.86,1521.48,0.01,open,open Position,1544.65,1660.5,0,filled,close Position,1544.65,1471.28,0.01,open,close Position,1544.65,1.1585,0.015000162
2022.09.06 19:00,1668.8,1661.05,long,1544.65,0.01,1471.28,1566.86,1521.48,0.01,open,open Position,1544.65,1660.5,0,filled,close Position,1544.65,1471.28,0.01,open,close Position,1544.65,1.1585,0.015000162
2022.09.06 20:00,1661.05,1587.5,long,1544.65,0.01,1471.28,1566.86,1521.48,0.01,open,open Position,1544.65,1660.5,0,filled,close Position,1544.65,1471.28,0.01,open,close Position,1544.65,1.1585,0.015000162
2022.09.07 03:00,1558.2,1536.7,long,1536.93,0.02,1463.93,1566.86,1521.48,0.01,filled,open Position,1544.65,1660.5,0,open,close Position,1544.65,1471.28,0.01,open,close Position,1544.65,,
2022.09.07 03:00,1558.2,1536.7,short,1653.16,0.01,1731.69,1590.54,1677.96,0.11,open,open Position,1653.16,1529.17,0.43,filled,close Position,1653.16,1731.69,0.33,open,close Position,1653.16,1.2399,0.015000363
2022.09.07 04:00,1536.7,1526.15,short,1653.16,0.01,1731.69,1590.54,1677.96,0.01,open,open Position,1653.16,1529.17,0,filled,close Position,1653.16,1731.69,0.01,open,close Position,1653.16,1.2399,0.015000363
2022.09.07 05:00,1526.15,1496.7,long,1531.17,0.03,1458.44,1566.86,1513.88,0.01,filled,open Position,1536.93,1652.2,0.01,open,close Position,1536.93,1463.93,0.02,open,close Position,1536.93,,
2022.09.07 06:00,1496.7,1509.25,long,1526.58,0.04,1454.07,1566.86,1508.2,0.01,filled,open Position,1531.17,1646.01,0.02,open,close Position,1531.17,1458.44,0.03,open,close Position,1531.17,,
2022.09.07 07:00,1509.25,1510.65,long,1522.76,0.05,1450.43,1566.86,1503.68,0.01,filled,open Position,1526.58,1641.07,0.03,open,close Position,1526.58,1454.07,0.04,open,close Position,1526.58,,
2022.09.07 15:00,1512.9,1516.65,long,1519.5,0.06,1447.32,1566.86,1499.92,0.01,filled,open Position,1522.76,1636.97,0.04,open,close Position,1522.76,1450.43,0.04,open,close Position,1522.76,,
2022.09.07 16:00,1516.65,1535.4,short,1653.16,0.01,1731.69,1590.54,1677.96,0.01,open,open Position,1653.16,1529.17,0,filled,close Position,1653.16,1731.69,0.01,open,close Position,1653.16,1.2399,0.015000363
2022.09.07 23:00,1568.95,1639.1,long,1519.5,0.01,1447.32,1566.86,1496.71,0.01,open,open Position,1519.5,1633.46,0.05,filled,close Position,1519.5,1447.32,0.05,open,close Position,1519.5,1.1396,0.014999671
2022.09.08 00:00,1639.1,1645.05,long,1519.5,0.01,1447.32,1566.86,1496.71,0.01,open,open Position,1519.5,1633.46,0,filled,close Position,1519.5,1447.32,0.01,open,close Position,1519.5,1.1396,0.014999671
2022.09.08 01:00,1645.05,1634.95,long,1519.5,0.01,1447.32,1566.86,1496.71,0.01,open,open Position,1519.5,1633.46,0,filled,close Position,1519.5,1447.32,0.01,open,close Position,1519.5,1.1396,0.014999671
2022.09.08 02:00,1634.95,1629.1,long,1519.5,0.01,1447.32,1566.86,1496.71,0.01,open,open Position,1519.5,1633.46,0,filled,close Position,1519.5,1447.32,0.01,open,close Position,1519.5,1.1396,0.014999671
2022.09.08 03:00,1629.1,1627.2,long,1519.5,0.01,1447.32,1566.86,1496.71,0.01,open,open Position,1519.5,1633.46,0,filled,close Position,1519.5,1447.32,0.01,open,close Position,1519.5,1.1396,0.014999671
2022.09.08 07:00,1628.65,1641.85,long,1519.5,0.01,1447.32,1566.86,1496.71,0.01,open,open Position,1519.5,1633.46,0,filled,close Position,1519.5,1447.32,0.01,open,close Position,1519.5,1.1396,0.014999671
2022.09.08 08:00,1641.85,1634.15,long,1519.5,0.01,1447.32,1566.86,1496.71,0.01,open,open Position,1519.5,1633.46,0,filled,close Position,1519.5,1447.32,0.01,open,close Position,1519.5,1.1396,0.014999671
2022.09.08 09:00,1634.15,1625.4,long,1519.5,0.01,1447.32,1566.86,1496.71,0.01,open,open Position,1519.5,1633.46,0,filled,close Position,1519.5,1447.32,0.01,open,close Position,1519.5,1.1396,0.014999671
2022.09.08 13:00,1617.05,1636.4,long,1519.5,0.01,1447.32,1566.86,1496.71,0.01,open,open Position,1519.5,1633.46,0,filled,close Position,1519.5,1447.32,0.01,open,close Position,1519.5,1.1396,0.014999671
2022.09.08 14:00,1636.4,1635,long,1519.5,0.01,1447.32,1566.86,1496.71,0.01,open,open Position,1519.5,1633.46,0,filled,close Position,1519.5,1447.32,0.01,open,close Position,1519.5,1.1396,0.014999671
2022.09.08 15:00,1635,1617.45,long,1519.5,0.01,1447.32,1566.86,1496.71,0.01,open,open Position,1519.5,1633.46,0,filled,close Position,1519.5,1447.32,0.01,open,close Position,1519.5,1.1396,0.014999671
2022.09.08 16:00,1617.45,1634.5,long,1519.5,0.01,1447.32,1566.86,1496.71,0.01,open,open Position,1519.5,1633.46,0,filled,close Position,1519.5,1447.32,0.01,open,close Position,1519.5,1.1396,0.014999671
2022.09.08 17:00,1634.5,1643.05,long,1519.5,0.01,1447.32,1566.86,1496.71,0.01,open,open Position,1519.5,1633.46,0,filled,close Position,1519.5,1447.32,0.01,open,close Position,1519.5,1.1396,0.014999671
2022.09.08 18:00,1643.05,1628.65,long,1519.5,0.01,1447.32,1566.86,1496.71,0.01,open,open Position,1519.5,1633.46,0,filled,close Position,1519.5,1447.32,0.01,open,close Position,1519.5,1.1396,0.014999671
2022.09.08 19:00,1628.65,1629.35,long,1519.5,0.01,1447.32,1566.86,1496.71,0.01,open,open Position,1519.5,1633.46,0,filled,close Position,1519.5,1447.32,0.01,open,close Position,1519.5,1.1396,0.014999671
2022.09.08 20:00,1629.35,1629.55,long,1519.5,0.01,1447.32,1566.86,1496.71,0.01,open,open Position,1519.5,1633.46,0,filled,close Position,1519.5,1447.32,0.01,open,close Position,1519.5,1.1396,0.014999671
2022.09.08 21:00,1629.55,1629.4,long,1519.5,0.01,1447.32,1566.86,1496.71,0.01,open,open Position,1519.5,1633.46,0,filled,close Position,1519.5,1447.32,0.01,open,close Position,1519.5,1.1396,0.014999671
2022.09.08 22:00,1629.4,1649,long,1519.5,0.01,1447.32,1566.86,1496.71,0.01,open,open Position,1519.5,1633.46,0,filled,close Position,1519.5,1447.32,0.01,open,close Position,1519.5,1.1396,0.014999671
2022.09.09 00:00,1644.15,1638.55,long,1519.5,0.01,1447.32,1566.86,1496.71,0.01,open,open Position,1519.5,1633.46,0,filled,close Position,1519.5,1447.32,0.01,open,close Position,1519.5,1.1396,0.014999671
2022.09.09 01:00,1638.55,1631.3,long,1519.5,0.01,1447.32,1566.86,1496.71,0.01,open,open Position,1519.5,1633.46,0,filled,close Position,1519.5,1447.32,0.01,open,close Position,1519.5,1.1396,0.014999671
2022.09.09 02:00,1631.3,1634.2,long,1519.5,0.01,1447.32,1566.86,1496.71,0.01,open,open Position,1519.5,1633.46,0,filled,close Position,1519.5,1447.32,0.01,open,close Position,1519.5,1.1396,0.014999671
2022.09.09 03:00,1634.2,1638.65,long,1519.5,0.01,1447.32,1566.86,1496.71,0.01,open,open Position,1519.5,1633.46,0,filled,close Position,1519.5,1447.32,0.01,open,close Position,1519.5,1.1396,0.014999671
2022.09.09 04:00,1638.65,1631.25,long,1519.5,0.01,1447.32,1566.86,1496.71,0.01,open,open Position,1519.5,1633.46,0,filled,close Position,1519.5,1447.32,0.01,open,close Position,1519.5,1.1396,0.014999671
2022.09.09 05:00,1631.25,1639.1,long,1519.5,0.01,1447.32,1566.86,1496.71,0.01,open,open Position,1519.5,1633.46,0,filled,close Position,1519.5,1447.32,0.01,open,close Position,1519.5,1.1396,0.014999671
2022.09.09 07:00,1671.85,1695,short,1661.43,0.02,1740.35,1590.54,1677.96,0.01,filled,open Position,1653.16,1529.17,0,open,close Position,1653.16,1731.69,0.01,open,close Position,1653.16,,
2022.09.09 12:00,1705.65,1694.35,short,1667.66,0.03,1746.87,1590.54,1686.35,0.01,filled,open Position,1661.43,1536.82,0.01,open,close Position,1661.43,1740.35,0.02,open,close Position,1661.43,,
2022.09.09 13:00,1694.35,1705.95,short,1672.66,0.04,1752.11,1590.54,1692.67,0.01,filled,open Position,1667.66,1542.59,0.02,open,close Position,1667.66,1746.87,0.03,open,close Position,1667.66,,
2022.09.09 14:00,1705.95,1699.55,short,1676.84,0.05,1756.49,1590.54,1697.75,0.01,filled,open Position,1672.66,1547.21,0.03,open,close Position,1672.66,1752.11,0.04,open,close Position,1672.66,,
2022.09.09 15:00,1699.55,1726.9,short,1680.43,0.06,1760.25,1590.54,1701.99,0.01,filled,open Position,1676.84,1551.08,0.04,open,close Position,1676.84,1756.49,0.04,open,close Position,1676.84,,
2022.09.09 19:00,1718.05,1714.8,short,1683.58,0.07,1763.55,1590.54,1705.64,0.01,filled,open Position,1680.43,1554.4,0.05,open,close Position,1680.43,1760.25,0.05,open,close Position,1680.43,,
2022.09.09 20:00,1714.8,1702.95,short,1688.17,0.09,1768.36,1590.54,1708.83,0.02,filled,open Position,1683.58,1557.31,0.06,open,close Position,1683.58,1763.55,0.05,open,close Position,1683.58,,
2022.09.09 22:00,1709.3,1719,short,1692.07,0.11,1772.44,1590.54,1713.49,0.02,filled,open Position,1688.17,1561.56,0.08,open,close Position,1688.17,1768.36,0.07,open,close Position,1688.17,,
2022.09.09 23:00,1719,1719.9,short,1696.55,0.14,1777.14,1590.54,1717.45,0.03,filled,open Position,1692.07,1565.16,0.1,open,close Position,1692.07,1772.44,0.08,open,close Position,1692.07,,
2022.09.10 00:00,1719.9,1713.35,short,1701.18,0.18,1781.99,1590.54,1722,0.04,filled,open Position,1696.55,1569.31,0.13,open,close Position,1696.55,1777.14,0.1,open,close Position,1696.55,,
2022.09.10 02:00,1718.55,1717.4,short,1705.11,0.22,1786.1,1590.54,1726.7,0.04,filled,open Position,1701.18,1573.59,0.17,open,close Position,1701.18,1781.99,0.14,open,close Position,1701.18,,
2022.09.10 04:00,1716.05,1723.6,short,1709.62,0.28,1790.83,1590.54,1730.69,0.06,filled,open Position,1705.11,1577.23,0.21,open,close Position,1705.11,1786.1,0.16,open,close Position,1705.11,,
2022.09.10 05:00,1723.6,1739.15,short,1713.89,0.35,1795.3,1590.54,1735.26,0.07,filled,open Position,1709.62,1581.4,0.27,open,close Position,1709.62,1790.83,0.21,open,close Position,1709.62,,
2022.09.10 06:00,1739.15,1732.5,short,1718.26,0.44,1799.88,1590.54,1739.6,0.09,filled,open Position,1713.89,1585.35,0.34,open,close Position,1713.89,1795.3,0.26,open,close Position,1713.89,,
2022.09.10 07:00,1732.5,1731.85,short,1722.56,0.55,1804.38,1590.54,1744.03,0.11,filled,open Position,1718.26,1589.39,0.43,open,close Position,1718.26,1799.88,0.33,open,close Position,1718.26,,
2022.09.11 00:00,1733.45,1749.9,short,1726.92,0.69,1808.95,1590.54,1748.4,0.14,filled,open Position,1722.56,1593.37,0.54,open,close Position,1722.56,1804.38,0.41,open,close Position,1722.56,,
2022.09.11 01:00,1749.9,1783.05,short,1731.19,0.86,1813.42,1590.54,1752.82,0.17,filled,open Position,1726.92,1597.4,0.68,open,close Position,1726.92,1808.95,0.52,open,close Position,1726.92,,
2022.09.11 05:00,1762.2,1763.5,short,1735.45,1.07,1817.88,1590.54,1757.16,0.21,filled,open Position,1731.19,1601.35,0.85,open,close Position,1731.19,1813.42,0.65,open,close Position,1731.19,,
2022.09.11 06:00,1763.5,1760.1,short,1739.82,1.34,1822.46,1590.54,1761.48,0.27,filled,open Position,1735.45,1605.29,1.06,open,close Position,1735.45,1817.88,0.8,open,close Position,1735.45,,
2022.09.11 09:00,1763.45,1751.05,short,1744.21,1.68,1827.06,1590.54,1765.92,0.34,filled,open Position,1739.82,1609.33,1.33,open,close Position,1739.82,1822.46,1,open,close Position,1739.82,,
2022.09.11 14:00,1760.95,1768.95,short,1748.57,2.1,1831.63,1590.54,1770.37,0.42,filled,open Position,1744.21,1613.39,1.67,open,close Position,1744.21,1827.06,1.26,open,close Position,1744.21,,
2022.09.11 15:00,1768.95,1771.75,short,1752.97,2.63,1836.24,1590.54,1774.8,0.53,filled,open Position,1748.57,1617.43,2.09,open,close Position,1748.57,1831.63,1.57,open,close Position,1748.57,,
2022.09.11 20:00,1769.95,1770.6,short,1757.36,3.29,1840.83,1590.54,1779.26,0.66,filled,open Position,1752.97,1621.5,2.62,open,close Position,1752.97,1836.24,1.97,open,close Position,1752.97,,
2022.09.13 15:00,1736.7,1627.9,long,1519.5,0.01,1447.32,1566.86,1496.71,0.01,open,open Position,1519.5,1633.46,0,filled,close Position,1519.5,1447.32,0.01,open,close Position,1519.5,1.1396,0.014999671
2022.09.13 15:00,1736.7,1627.9,short,1757.36,0.01,1840.83,1590.54,1783.72,0.82,open,open Position,1757.36,1625.56,3.28,filled,close Position,1757.36,1840.83,2.47,open,close Position,1757.36,1.318,0.014999772
2022.09.13 16:00,1627.9,1602.2,long,1519.5,0.01,1447.32,1566.86,1496.71,0.01,open,open Position,1519.5,1633.46,0,filled,close Position,1519.5,1447.32,0.01,open,close Position,1519.5,1.1396,0.014999671
2022.09.13 16:00,1627.9,1602.2,short,1757.36,0.01,1840.83,1590.54,1783.72,0.01,open,open Position,1757.36,1625.56,0,filled,close Position,1757.36,1840.83,0.01,open,close Position,1757.36,1.318,0.014999772
2022.09.13 20:00,1609.05,1616.15,short,1757.36,0.01,1840.83,1590.54,1783.72,0.01,open,open Position,1757.36,1625.56,0,filled,close Position,1757.36,1840.83,0.01,open,close Position,1757.36,1.318,0.014999772
2022.09.15 01:00,1614.2,1634.35,long,1519.5,0.01,1447.32,1566.86,1496.71,0.01,open,open Position,1519.5,1633.46,0,filled,close Position,1519.5,1447.32,0.01,open,close Position,1519.5,1.1396,0.014999671
2022.09.15 01:00,1614.2,1634.35,short,1757.36,0.01,1840.83,1590.54,1783.72,0.01,open,open Position,1757.36,1625.56,0,filled,close Position,1757.36,1840.83,0.01,open,close Position,1757.36,1.318,0.014999772
2022.09.15 02:00,1634.35,1636,long,1519.5,0.01,1447.32,1566.86,1496.71,0.01,open,open Position,1519.5,1633.46,0,filled,close Position,1519.5,1447.32,0.01,open,close Position,1519.5,1.1396,0.014999671
2022.09.15 02:00,1634.35,1636,short,1757.36,0.01,1840.83,1590.54,1783.72,0.01,open,open Position,1757.36,1625.56,0,filled,close Position,1757.36,1840.83,0.01,open,close Position,1757.36,1.318,0.014999772
2022.09.15 03:00,1636,1619,long,1519.5,0.01,1447.32,1566.86,1496.71,0.01,open,open Position,1519.5,1633.46,0,filled,close Position,1519.5,1447.32,0.01,open,close Position,1519.5,1.1396,0.014999671
2022.09.15 03:00,1636,1619,short,1757.36,0.01,1840.83,1590.54,1783.72,0.01,open,open Position,1757.36,1625.56,0,filled,close Position,1757.36,1840.83,0.01,open,close Position,1757.36,1.318,0.014999772
2022.09.15 09:00,1611.25,1605.65,long,1519.5,0.01,1447.32,1566.86,1496.71,0.01,open,open Position,1519.5,1633.46,0,filled,close Position,1519.5,1447.32,0.01,open,close Position,1519.5,1.1396,0.014999671
2022.09.15 09:00,1611.25,1605.65,short,1757.36,0.01,1840.83,1590.54,1783.72,0.01,open,open Position,1757.36,1625.56,0,filled,close Position,1757.36,1840.83,0.01,open,close Position,1757.36,1.318,0.014999772
2022.09.15 10:00,1605.65,1643.25,long,1519.5,0.01,1447.32,1566.86,1496.71,0.01,open,open Position,1519.5,1633.46,0,filled,close Position,1519.5,1447.32,0.01,open,close Position,1519.5,1.1396,0.014999671
2022.09.15 10:00,1605.65,1643.25,short,1757.36,0.01,1840.83,1590.54,1783.72,0.01,open,open Position,1757.36,1625.56,0,filled,close Position,1757.36,1840.83,0.01,open,close Position,1757.36,1.318,0.014999772
2022.09.15 11:00,1643.25,1607.35,long,1519.5,0.01,1447.32,1566.86,1496.71,0.01,open,open Position,1519.5,1633.46,0,filled,close Position,1519.5,1447.32,0.01,open,close Position,1519.5,1.1396,0.014999671
2022.09.15 11:00,1643.25,1607.35,short,1757.36,0.01,1840.83,1590.54,1783.72,0.01,open,open Position,1757.36,1625.56,0,filled,close Position,1757.36,1840.83,0.01,open,close Position,1757.36,1.318,0.014999772
2022.09.15 17:00,1586.1,1490.75,long,1511.9,0.02,1440.08,1566.86,1496.71,0.01,filled,open Position,1519.5,1633.46,0,open,close Position,1519.5,1447.32,0.01,open,close Position,1519.5,,
2022.09.15 18:00,1490.75,1491.85,long,1506.23,0.03,1434.68,1566.86,1489.22,0.01,filled,open Position,1511.9,1625.29,0.01,open,close Position,1511.9,1440.08,0.02,open,close Position,1511.9,,
2022.09.15 19:00,1491.85,1508.2,long,1501.71,0.04,1430.38,1566.86,1483.64,0.01,filled,open Position,1506.23,1619.2,0.02,open,close Position,1506.23,1434.68,0.03,open,close Position,1506.23,,
2022.09.16 01:00,1489.45,1474.35,long,1497.95,0.05,1426.8,1566.86,1479.18,0.01,filled,open Position,1501.71,1614.34,0.03,open,close Position,1501.71,1430.38,0.04,open,close Position,1501.71,,
2022.09.16 02:00,1474.35,1472,long,1494.74,0.06,1423.74,1566.86,1475.48,0.01,filled,open Position,1497.95,1610.3,0.04,open,close Position,1497.95,1426.8,0.04,open,close Position,1497.95,,
2022.09.16 03:00,1472,1481.75,long,1491.94,0.07,1421.07,1566.86,1472.32,0.01,filled,open Position,1494.74,1606.85,0.05,open,close Position,1494.74,1423.74,0.05,open,close Position,1494.74,,
2022.09.16 04:00,1481.75,1470.7,long,1487.87,0.09,1417.2,1566.86,1469.56,0.02,filled,open Position,1491.94,1603.84,0.06,open,close Position,1491.94,1421.07,0.05,open,close Position,1491.94,,
2022.09.16 05:00,1470.7,1466.3,long,1484.44,0.11,1413.93,1566.86,1465.55,0.02,filled,open Position,1487.87,1599.46,0.08,open,close Position,1487.87,1417.2,0.07,open,close Position,1487.87,,
2022.09.16 06:00,1466.3,1473.05,long,1480.51,0.14,1410.19,1566.86,1462.17,0.03,filled,open Position,1484.44,1595.77,0.1,open,close Position,1484.44,1413.93,0.08,open,close Position,1484.44,,
2022.09.16 11:00,1470.75,1451.05,long,1476.47,0.18,1406.34,1566.86,1458.3,0.04,filled,open Position,1480.51,1591.55,0.13,open,close Position,1480.51,1410.19,0.1,open,close Position,1480.51,,
2022.09.16 12:00,1451.05,1462,long,1473.06,0.22,1403.09,1566.86,1454.32,0.04,filled,open Position,1476.47,1587.21,0.17,open,close Position,1476.47,1406.34,0.14,open,close Position,1476.47,,
2022.09.16 16:00,1454.55,1430.4,long,1469.16,0.28,1399.37,1566.86,1450.96,0.06,filled,open Position,1473.06,1583.54,0.21,open,close Position,1473.06,1403.09,0.16,open,close Position,1473.06,,
2022.09.16 17:00,1430.4,1446.05,long,1465.49,0.35,1395.88,1566.86,1447.12,0.07,filled,open Position,1469.16,1579.35,0.27,open,close Position,1469.16,1399.37,0.21,open,close Position,1469.16,,
2022.09.16 18:00,1446.05,1451.9,long,1461.76,0.44,1392.33,1566.86,1443.51,0.09,filled,open Position,1465.49,1575.4,0.34,open,close Position,1465.49,1395.88,0.26,open,close Position,1465.49,,
2022.09.16 19:00,1451.9,1427.4,long,1458.11,0.55,1388.85,1566.86,1439.83,0.11,filled,open Position,1461.76,1571.39,0.43,open,close Position,1461.76,1392.33,0.33,open,close Position,1461.76,,
2022.09.16 22:00,1427.65,1427.2,long,1454.42,0.69,1385.34,1566.86,1436.24,0.14,filled,open Position,1458.11,1567.47,0.54,open,close Position,1458.11,1388.85,0.41,open,close Position,1458.11,,
2022.09.16 23:00,1427.2,1437.3,long,1450.82,0.86,1381.91,1566.86,1432.6,0.17,filled,open Position,1454.42,1563.5,0.68,open,close Position,1454.42,1385.34,0.52,open,close Position,1454.42,,
2022.09.17 02:00,1432,1433.75,long,1447.25,1.07,1378.51,1566.86,1429.06,0.21,filled,open Position,1450.82,1559.63,0.85,open,close Position,1450.82,1381.91,0.65,open,close Position,1450.82,,
2022.09.17 09:00,1431.35,1430.95,long,1443.61,1.34,1375.04,1566.86,1425.54,0.27,filled,open Position,1447.25,1555.79,1.06,open,close Position,1447.25,1378.51,0.8,open,close Position,1447.25,,
2022.09.17 13:00,1431.3,1426.1,long,1439.97,1.68,1371.57,1566.86,1421.96,0.34,filled,open Position,1443.61,1551.88,1.33,open,close Position,1443.61,1375.04,1,open,close Position,1443.61,,
2022.09.17 15:00,1419.05,1424.35,long,1436.37,2.1,1368.14,1566.86,1418.37,0.42,filled,open Position,1439.97,1547.97,1.67,open,close Position,1439.97,1371.57,1.26,open,close Position,1439.97,,
2022.09.18 17:00,1434.15,1419.7,long,1432.76,2.63,1364.7,1566.86,1414.82,0.53,filled,open Position,1436.37,1544.1,2.09,open,close Position,1436.37,1368.14,1.57,open,close Position,1436.37,,
2022.09.18 18:00,1419.7,1416.55,long,1429.17,3.29,1361.28,1566.86,1411.27,0.66,filled,open Position,1432.76,1540.22,2.62,open,close Position,1432.76,1364.7,1.97,open,close Position,1432.76,,
2022.09.18 19:00,1416.55,1395.8,long,1425.6,4.11,1357.88,1566.86,1407.73,0.82,filled,open Position,1429.17,1536.36,3.28,open,close Position,1429.17,1361.28,2.47,open,close Position,1429.17,,
2022.09.19 00:00,1371.25,1332.3,long,1425.6,0,1357.88,1566.86,1404.22,1.03,open,open Position,1425.6,1532.52,4.1,open,close Position,1425.6,1357.88,3.08,filled,close Position,1425.6,0,0
2022.09.19 17:00,1338.6,1354,long,1425.6,0,1357.88,1566.86,1404.22,0.01,open,open Position,1425.6,1532.52,-0.01,open,close Position,1425.6,1357.88,0,filled,close Position,1425.6,0,0
2022.09.19 18:00,1354,1340.85,long,1425.6,0,1357.88,1566.86,1404.22,0.01,open,open Position,1425.6,1532.52,-0.01,open,close Position,1425.6,1357.88,0,filled,close Position,1425.6,0,0
2022.09.19 22:00,1343.9,1361.7,long,1425.6,0,1357.88,1566.86,1404.22,0.01,open,open Position,1425.6,1532.52,-0.01,open,close Position,1425.6,1357.88,0,filled,close Position,1425.6,0,0
2022.09.19 23:00,1361.7,1356,long,1425.6,0,1357.88,1566.86,1404.22,0.01,open,open Position,1425.6,1532.52,-0.01,open,close Position,1425.6,1357.88,0,filled,close Position,1425.6,0,0
2022.09.20 00:00,1356,1376.85,long,1425.6,0,1357.88,1566.86,1404.22,0.01,open,open Position,1425.6,1532.52,-0.01,open,close Position,1425.6,1357.88,0,filled,close Position,1425.6,0,0
2022.09.20 04:00,1368.8,1365.3,long,1425.6,0,1357.88,1566.86,1404.22,0.01,open,open Position,1425.6,1532.52,-0.01,open,close Position,1425.6,1357.88,0,filled,close Position,1425.6,0,0
2022.09.20 06:00,1365.3,1353.95,long,1425.6,0,1357.88,1566.86,1404.22,0.01,open,open Position,1425.6,1532.52,-0.01,open,close Position,1425.6,1357.88,0,filled,close Position,1425.6,0,0
2022.09.20 07:00,1353.95,1355.75,long,1425.6,0,1357.88,1566.86,1404.22,0.01,open,open Position,1425.6,1532.52,-0.01,open,close Position,1425.6,1357.88,0,filled,close Position,1425.6,0,0
2022.09.20 08:00,1355.75,1356.5,long,1425.6,0,1357.88,1566.86,1404.22,0.01,open,open Position,1425.6,1532.52,-0.01,open,close Position,1425.6,1357.88,0,filled,close Position,1425.6,0,0
2022.09.20 09:00,1356.5,1358.95,long,1425.6,0,1357.88,1566.86,1404.22,0.01,open,open Position,1425.6,1532.52,-0.01,open,close Position,1425.6,1357.88,0,filled,close Position,1425.6,0,0
2022.09.20 10:00,1358.95,1357.75,long,1425.6,0,1357.88,1566.86,1404.22,0.01,open,open Position,1425.6,1532.52,-0.01,open,close Position,1425.6,1357.88,0,filled,close Position,1425.6,0,0
2022.09.20 11:00,1357.75,1356.8,long,1425.6,0,1357.88,1566.86,1404.22,0.01,open,open Position,1425.6,1532.52,-0.01,open,close Position,1425.6,1357.88,0,filled,close Position,1425.6,0,0
2022.09.20 12:00,1356.8,1352,long,1425.6,0,1357.88,1566.86,1404.22,0.01,open,open Position,1425.6,1532.52,-0.01,open,close Position,1425.6,1357.88,0,filled,close Position,1425.6,0,0
2022.09.20 13:00,1352,1359.7,long,1425.6,0,1357.88,1566.86,1404.22,0.01,open,open Position,1425.6,1532.52,-0.01,open,close Position,1425.6,1357.88,0,filled,close Position,1425.6,0,0
2022.09.20 14:00,1359.7,1355.3,long,1425.6,0,1357.88,1566.86,1404.22,0.01,open,open Position,1425.6,1532.52,-0.01,open,close Position,1425.6,1357.88,0,filled,close Position,1425.6,0,0
2022.09.20 17:00,1343.25,1358.95,long,1425.6,0,1357.88,1566.86,1404.22,0.01,open,open Position,1425.6,1532.52,-0.01,open,close Position,1425.6,1357.88,0,filled,close Position,1425.6,0,0
2022.09.20 18:00,1358.95,1376.3,long,1425.6,0,1357.88,1566.86,1404.22,0.01,open,open Position,1425.6,1532.52,-0.01,open,close Position,1425.6,1357.88,0,filled,close Position,1425.6,0,0
2022.09.20 19:00,1376.3,1366.4,long,1425.6,0,1357.88,1566.86,1404.22,0.01,open,open Position,1425.6,1532.52,-0.01,open,close Position,1425.6,1357.88,0,filled,close Position,1425.6,0,0
2022.09.20 20:00,1366.4,1334.65,long,1425.6,0,1357.88,1566.86,1404.22,0.01,open,open Position,1425.6,1532.52,-0.01,open,close Position,1425.6,1357.88,0,filled,close Position,1425.6,0,0
2022.09.21 15:00,1349.8,1355,long,1425.6,0,1357.88,1566.86,1404.22,0.01,open,open Position,1425.6,1532.52,-0.01,open,close Position,1425.6,1357.88,0,filled,close Position,1425.6,0,0
2022.09.21 20:00,1340.7,1402.05,long,1404.22,0.01,1337.52,1404.22,1404.22,0.01,filled,open Position,1425.6,1532.52,-0.01,open,close Position,1425.6,1357.88,0,open,close Position,1425.6,,
2022.09.21 21:00,1402.05,1374.65,long,1397.2,0.02,1330.83,1404.22,1383.16,0.01,filled,open Position,1404.22,1509.54,0,open,close Position,1404.22,1337.52,0.01,open,close Position,1404.22,,
2022.09.21 21:00,1402.05,1374.65,long,1397.2,0,1330.83,1404.22,1376.24,0.01,open,open Position,1397.2,1501.99,0.01,open,close Position,1397.2,1330.83,0.02,filled,close Position,1397.2,0,0
2022.09.21 22:00,1374.65,1322.25,long,1376.24,0.01,1310.87,1376.24,1376.24,0.01,filled,open Position,1397.2,1501.99,-0.01,open,close Position,1397.2,1330.83,0,open,close Position,1397.2,,
2022.09.21 23:00,1322.25,1313.9,long,1376.24,0,1310.87,1376.24,1355.6,0.01,open,open Position,1376.24,1479.46,0,open,close Position,1376.24,1310.87,0.01,filled,close Position,1376.24,0,0
2022.09.22 00:00,1313.9,1251.9,long,1376.24,0,1310.87,1376.24,1355.6,0.01,open,open Position,1376.24,1479.46,-0.01,open,close Position,1376.24,1310.87,0,filled,close Position,1376.24,0,0
2022.09.22 14:00,1295.25,1307.7,long,1376.24,0,1310.87,1376.24,1355.6,0.01,open,open Position,1376.24,1479.46,-0.01,open,close Position,1376.24,1310.87,0,filled,close Position,1376.24,0,0
2022.09.22 15:00,1307.7,1306.25,long,1376.24,0,1310.87,1376.24,1355.6,0.01,open,open Position,1376.24,1479.46,-0.01,open,close Position,1376.24,1310.87,0,filled,close Position,1376.24,0,0
2022.09.22 22:00,1302.05,1322.95,long,1376.24,0,1310.87,1376.24,1355.6,0.01,open,open Position,1376.24,1479.46,-0.01,open,close Position,1376.24,1310.87,0,filled,close Position,1376.24,0,0
2022.09.23 00:00,1323.5,1306.8,long,1376.24,0,1310.87,1376.24,1355.6,0.01,open,open Position,1376.24,1479.46,-0.01,open,close Position,1376.24,1310.87,0,filled,close Position,1376.24,0,0
2022.09.23 01:00,1306.8,1322.85,long,1376.24,0,1310.87,1376.24,1355.6,0.01,open,open Position,1376.24,1479.46,-0.01,open,close Position,1376.24,1310.87,0,filled,close Position,1376.24,0,0
2022.09.23 07:00,1339.85,1349,long,1355.6,0.01,1291.21,1355.6,1355.6,0.01,filled,open Position,1376.24,1479.46,-0.01,open,close Position,1376.24,1310.87,0,open,close Position,1376.24,,
2022.09.23 10:00,1341.65,1331.25,long,1348.82,0.02,1284.75,1355.6,1335.27,0.01,filled,open Position,1355.6,1457.27,0,open,close Position,1355.6,1291.21,0.01,open,close Position,1355.6,,
2022.09.23 11:00,1331.25,1316.85,long,1343.76,0.03,1279.93,1355.6,1328.59,0.01,filled,open Position,1348.82,1449.98,0.01,open,close Position,1348.82,1284.75,0.02,open,close Position,1348.82,,
2022.09.23 16:00,1297.15,1269.5,long,1343.76,0,1279.93,1355.6,1323.6,0.01,open,open Position,1343.76,1444.54,0.02,open,close Position,1343.76,1279.93,0.03,filled,close Position,1343.76,0,0
2022.09.23 17:00,1269.5,1282.4,long,1343.76,0,1279.93,1355.6,1323.6,0.01,open,open Position,1343.76,1444.54,-0.01,open,close Position,1343.76,1279.93,0,filled,close Position,1343.76,0,0
2022.09.23 18:00,1282.4,1293.25,long,1343.76,0,1279.93,1355.6,1323.6,0.01,open,open Position,1343.76,1444.54,-0.01,open,close Position,1343.76,1279.93,0,filled,close Position,1343.76,0,0
2022.09.23 19:00,1293.25,1294.6,long,1343.76,0,1279.93,1355.6,1323.6,0.01,open,open Position,1343.76,1444.54,-0.01,open,close Position,1343.76,1279.93,0,filled,close Position,1343.76,0,0
2022.09.23 21:00,1294.9,1281.7,long,1343.76,0,1279.93,1355.6,1323.6,0.01,open,open Position,1343.76,1444.54,-0.01,open,close Position,1343.76,1279.93,0,filled,close Position,1343.76,0,0
2022.09.23 22:00,1281.7,1291.5,long,1343.76,0,1279.93,1355.6,1323.6,0.01,open,open Position,1343.76,1444.54,-0.01,open,close Position,1343.76,1279.93,0,filled,close Position,1343.76,0,0
2022.09.24 00:00,1299.45,1325.15,long,1323.6,0.01,1260.73,1323.6,1323.6,0.01,filled,open Position,1343.76,1444.54,-0.01,open,close Position,1343.76,1279.93,0,open,close Position,1343.76,,
2022.09.25 16:00,1322.95,1305.4,long,1316.98,0.02,1254.42,1323.6,1303.75,0.01,filled,open Position,1323.6,1422.87,0,open,close Position,1323.6,1260.73,0.01,open,close Position,1323.6,,
2022.09.25 20:00,1302.5,1296.55,long,1312.04,0.03,1249.72,1323.6,1297.23,0.01,filled,open Position,1316.98,1415.75,0.01,open,close Position,1316.98,1254.42,0.02,open,close Position,1316.98,,
2022.09.25 21:00,1296.55,1295.9,long,1308.1,0.04,1245.97,1323.6,1292.36,0.01,filled,open Position,1312.04,1410.44,0.02,open,close Position,1312.04,1249.72,0.03,open,close Position,1312.04,,
2022.09.26 00:00,1291.65,1284.7,long,1304.83,0.05,1242.85,1323.6,1288.48,0.01,filled,open Position,1308.1,1406.21,0.03,open,close Position,1308.1,1245.97,0.04,open,close Position,1308.1,,
2022.09.26 01:00,1284.7,1290.2,long,1302.03,0.06,1240.18,1323.6,1285.26,0.01,filled,open Position,1304.83,1402.69,0.04,open,close Position,1304.83,1242.85,0.04,open,close Position,1304.83,,
2022.09.26 09:00,1289.7,1279.4,long,1299.59,0.07,1237.86,1323.6,1282.5,0.01,filled,open Position,1302.03,1399.68,0.05,open,close Position,1302.03,1240.18,0.05,open,close Position,1302.03,,
2022.09.26 10:00,1279.4,1294.75,long,1296.05,0.09,1234.49,1323.6,1280.1,0.02,filled,open Position,1299.59,1397.06,0.06,open,close Position,1299.59,1237.86,0.05,open,close Position,1299.59,,
2022.09.27 09:00,1386.05,1383.1,long,1296.05,0.01,1234.49,1323.6,1276.61,0.02,open,open Position,1296.05,1393.25,0.08,filled,close Position,1296.05,1234.49,0.07,open,close Position,1296.05,0.972,0.014999421
2022.09.27 14:00,1386.05,1387.9,long,1296.05,0.01,1234.49,1323.6,1276.61,0.01,open,open Position,1296.05,1393.25,0,filled,close Position,1296.05,1234.49,0.01,open,close Position,1296.05,0.972,0.014999421
2022.09.27 15:00,1387.9,1391.35,long,1296.05,0.01,1234.49,1323.6,1276.61,0.01,open,open Position,1296.05,1393.25,0,filled,close Position,1296.05,1234.49,0.01,open,close Position,1296.05,0.972,0.014999421
2022.09.27 16:00,1391.35,1387.1,long,1296.05,0.01,1234.49,1323.6,1276.61,0.01,open,open Position,1296.05,1393.25,0,filled,close Position,1296.05,1234.49,0.01,open,close Position,1296.05,0.972,0.014999421
2022.09.28 05:00,1310,1276.15,long,1289.57,0.02,1228.32,1323.6,1276.61,0.01,filled,open Position,1296.05,1393.25,0,open,close Position,1296.05,1234.49,0.01,open,close Position,1296.05,,
2022.09.28 10:00,1276.55,1284.65,long,1284.73,0.03,1223.71,1323.6,1270.23,0.01,filled,open Position,1289.57,1386.29,0.01,open,close Position,1289.57,1228.32,0.02,open,close Position,1289.57,,
2022.09.28 13:00,1272.45,1301.95,long,1280.88,0.04,1220.04,1323.6,1265.46,0.01,filled,open Position,1284.73,1381.08,0.02,open,close Position,1284.73,1223.71,0.03,open,close Position,1284.73,,
2022.10.03 03:00,1275.85,1281.1,long,1277.68,0.05,1216.99,1323.6,1261.67,0.01,filled,open Position,1280.88,1376.95,0.03,open,close Position,1280.88,1220.04,0.04,open,close Position,1280.88,,
2022.10.06 03:00,1351.5,1369.4,long,1277.68,0.01,1216.99,1323.6,1258.51,0.01,open,open Position,1277.68,1373.51,0.04,filled,close Position,1277.68,1216.99,0.04,open,close Position,1277.68,0.9583,0.015000626
2022.10.06 04:00,1369.4,1377.65,long,1277.68,0.01,1216.99,1323.6,1258.51,0.01,open,open Position,1277.68,1373.51,0,filled,close Position,1277.68,1216.99,0.01,open,close Position,1277.68,0.9583,0.015000626
2022.10.06 05:00,1377.65,1372.2,long,1277.68,0.01,1216.99,1323.6,1258.51,0.01,open,open Position,1277.68,1373.51,0,filled,close Position,1277.68,1216.99,0.01,open,close Position,1277.68,0.9583,0.015000626
2022.10.06 06:00,1372.2,1372.05,long,1277.68,0.01,1216.99,1323.6,1258.51,0.01,open,open Position,1277.68,1373.51,0,filled,close Position,1277.68,1216.99,0.01,open,close Position,1277.68,0.9583,0.015000626
2022.10.06 07:00,1372.05,1372,long,1277.68,0.01,1216.99,1323.6,1258.51,0.01,open,open Position,1277.68,1373.51,0,filled,close Position,1277.68,1216.99,0.01,open,close Position,1277.68,0.9583,0.015000626
2022.10.06 08:00,1372,1372.2,long,1277.68,0.01,1216.99,1323.6,1258.51,0.01,open,open Position,1277.68,1373.51,0,filled,close Position,1277.68,1216.99,0.01,open,close Position,1277.68,0.9583,0.015000626
2022.10.06 15:00,1368,1366.6,long,1277.68,0.01,1216.99,1323.6,1258.51,0.01,open,open Position,1277.68,1373.51,0,filled,close Position,1277.68,1216.99,0.01,open,close Position,1277.68,0.9583,0.015000626
2022.10.06 16:00,1366.6,1363.45,long,1277.68,0.01,1216.99,1323.6,1258.51,0.01,open,open Position,1277.68,1373.51,0,filled,close Position,1277.68,1216.99,0.01,open,close Position,1277.68,0.9583,0.015000626
2022.10.13 13:00,1273.1,1242.05,long,1271.29,0.02,1210.9,1323.6,1258.51,0.01,filled,open Position,1277.68,1373.51,0,open,close Position,1277.68,1216.99,0.01,open,close Position,1277.68,,
2022.10.13 15:00,1242,1217,long,1266.52,0.03,1206.36,1323.6,1252.22,0.01,filled,open Position,1271.29,1366.64,0.01,open,close Position,1271.29,1210.9,0.02,open,close Position,1271.29,,
2022.10.13 15:00,1242,1217,long,1266.52,0,1206.36,1323.6,1247.52,0.01,open,open Position,1266.52,1361.51,0.02,open,close Position,1266.52,1206.36,0.03,filled,close Position,1266.52,0,0
2022.10.13 16:00,1217,1221.95,long,1266.52,0,1206.36,1323.6,1247.52,0.01,open,open Position,1266.52,1361.51,-0.01,open,close Position,1266.52,1206.36,0,filled,close Position,1266.52,0,0
2022.10.13 18:00,1221.15,1255.9,long,1247.52,0.01,1188.26,1247.52,1247.52,0.01,filled,open Position,1266.52,1361.51,-0.01,open,close Position,1266.52,1206.36,0,open,close Position,1266.52,,
2022.10.14 06:00,1331.55,1329,long,1247.52,0.01,1188.26,1247.52,1228.81,0.01,open,open Position,1247.52,1341.08,0,filled,close Position,1247.52,1188.26,0.01,open,close Position,1247.52,0.9356,0.014999359
2022.10.14 15:00,1325.3,1337.75,long,1247.52,0.01,1188.26,1247.52,1228.81,0.01,open,open Position,1247.52,1341.08,0,filled,close Position,1247.52,1188.26,0.01,open,close Position,1247.52,0.9356,0.014999359
2022.10.24 01:00,1335.8,1364.4,long,1247.52,0.01,1188.26,1247.52,1228.81,0.01,open,open Position,1247.52,1341.08,0,filled,close Position,1247.52,1188.26,0.01,open,close Position,1247.52,0.9356,0.014999359
2022.10.24 07:00,1347.5,1347.1,long,1247.52,0.01,1188.26,1247.52,1228.81,0.01,open,open Position,1247.52,1341.08,0,filled,close Position,1247.52,1188.26,0.01,open,close Position,1247.52,0.9356,0.014999359
2022.10.24 08:00,1347.1,1342.25,long,1247.52,0.01,1188.26,1247.52,1228.81,0.01,open,open Position,1247.52,1341.08,0,filled,close Position,1247.52,1188.26,0.01,open,close Position,1247.52,0.9356,0.014999359
2022.10.24 09:00,1342.25,1338.05,long,1247.52,0.01,1188.26,1247.52,1228.81,0.01,open,open Position,1247.52,1341.08,0,filled,close Position,1247.52,1188.26,0.01,open,close Position,1247.52,0.9356,0.014999359
2022.10.24 10:00,1338.05,1336.5,long,1247.52,0.01,1188.26,1247.52,1228.81,0.01,open,open Position,1247.52,1341.08,0,filled,close Position,1247.52,1188.26,0.01,open,close Position,1247.52,0.9356,0.014999359
2022.10.24 12:00,1337.3,1344.7,long,1247.52,0.01,1188.26,1247.52,1228.81,0.01,open,open Position,1247.52,1341.08,0,filled,close Position,1247.52,1188.26,0.01,open,close Position,1247.52,0.9356,0.014999359
2022.10.24 16:00,1348.3,1347.2,long,1247.52,0.01,1188.26,1247.52,1228.81,0.01,open,open Position,1247.52,1341.08,0,filled,close Position,1247.52,1188.26,0.01,open,close Position,1247.52,0.9356,0.014999359
2022.10.24 17:00,1347.2,1333.7,long,1247.52,0.01,1188.26,1247.52,1228.81,0.01,open,open Position,1247.52,1341.08,0,filled,close Position,1247.52,1188.26,0.01,open,close Position,1247.52,0.9356,0.014999359
2022.10.24 18:00,1333.7,1340.9,long,1247.52,0.01,1188.26,1247.52,1228.81,0.01,open,open Position,1247.52,1341.08,0,filled,close Position,1247.52,1188.26,0.01,open,close Position,1247.52,0.9356,0.014999359
2022.10.24 19:00,1340.9,1334.4,long,1247.52,0.01,1188.26,1247.52,1228.81,0.01,open,open Position,1247.52,1341.08,0,filled,close Position,1247.52,1188.26,0.01,open,close Position,1247.52,0.9356,0.014999359
2022.10.24 21:00,1333.85,1340.95,long,1247.52,0.01,1188.26,1247.52,1228.81,0.01,open,open Position,1247.52,1341.08,0,filled,close Position,1247.52,1188.26,0.01,open,close Position,1247.52,0.9356,0.014999359
2022.10.24 22:00,1340.95,1343.95,long,1247.52,0.01,1188.26,1247.52,1228.81,0.01,open,open Position,1247.52,1341.08,0,filled,close Position,1247.52,1188.26,0.01,open,close Position,1247.52,0.9356,0.014999359
2022.10.25 01:00,1347.85,1345.65,long,1247.52,0.01,1188.26,1247.52,1228.81,0.01,open,open Position,1247.52,1341.08,0,filled,close Position,1247.52,1188.26,0.01,open,close Position,1247.52,0.9356,0.014999359
2022.10.25 03:00,1342.8,1341.45,long,1247.52,0.01,1188.26,1247.52,1228.81,0.01,open,open Position,1247.52,1341.08,0,filled,close Position,1247.52,1188.26,0.01,open,close Position,1247.52,0.9356,0.014999359
2022.10.25 04:00,1341.45,1339.25,long,1247.52,0.01,1188.26,1247.52,1228.81,0.01,open,open Position,1247.52,1341.08,0,filled,close Position,1247.52,1188.26,0.01,open,close Position,1247.52,0.9356,0.014999359
2022.10.25 05:00,1339.25,1340.15,long,1247.52,0.01,1188.26,1247.52,1228.81,0.01,open,open Position,1247.52,1341.08,0,filled,close Position,1247.52,1188.26,0.01,open,close Position,1247.52,0.9356,0.014999359
2022.10.25 06:00,1340.15,1347,long,1247.52,0.01,1188.26,1247.52,1228.81,0.01,open,open Position,1247.52,1341.08,0,filled,close Position,1247.52,1188.26,0.01,open,close Position,1247.52,0.9356,0.014999359
2022.10.25 13:00,1343.55,1344.75,long,1247.52,0.01,1188.26,1247.52,1228.81,0.01,open,open Position,1247.52,1341.08,0,filled,close Position,1247.52,1188.26,0.01,open,close Position,1247.52,0.9356,0.014999359
2022.10.29 11:00,1593.85,1627.85,short,1757.36,0.01,1840.83,1590.54,1783.72,0.01,open,open Position,1757.36,1625.56,0,filled,close Position,1757.36,1840.83,0.01,open,close Position,1757.36,1.318,0.014999772
2022.10.29 12:00,1627.85,1631.45,short,1757.36,0.01,1840.83,1590.54,1783.72,0.01,open,open Position,1757.36,1625.56,0,filled,close Position,1757.36,1840.83,0.01,open,close Position,1757.36,1.318,0.014999772
2022.10.29 13:00,1631.45,1621.4,short,1757.36,0.01,1840.83,1590.54,1783.72,0.01,open,open Position,1757.36,1625.56,0,filled,close Position,1757.36,1840.83,0.01,open,close Position,1757.36,1.318,0.014999772
2022.10.29 15:00,1614.3,1625.5,short,1757.36,0.01,1840.83,1590.54,1783.72,0.01,open,open Position,1757.36,1625.56,0,filled,close Position,1757.36,1840.83,0.01,open,close Position,1757.36,1.318,0.014999772
2022.10.29 16:00,1625.5,1623.55,short,1757.36,0.01,1840.83,1590.54,1783.72,0.01,open,open Position,1757.36,1625.56,0,filled,close Position,1757.36,1840.83,0.01,open,close Position,1757.36,1.318,0.014999772
2022.10.29 17:00,1623.55,1617.95,short,1757.36,0.01,1840.83,1590.54,1783.72,0.01,open,open Position,1757.36,1625.56,0,filled,close Position,1757.36,1840.83,0.01,open,close Position,1757.36,1.318,0.014999772
2022.10.29 18:00,1617.95,1631.75,short,1757.36,0.01,1840.83,1590.54,1783.72,0.01,open,open Position,1757.36,1625.56,0,filled,close Position,1757.36,1840.83,0.01,open,close Position,1757.36,1.318,0.014999772
2022.10.29 20:00,1631.9,1626.4,short,1757.36,0.01,1840.83,1590.54,1783.72,0.01,open,open Position,1757.36,1625.56,0,filled,close Position,1757.36,1840.83,0.01,open,close Position,1757.36,1.318,0.014999772
2022.10.29 21:00,1626.4,1629.4,short,1757.36,0.01,1840.83,1590.54,1783.72,0.01,open,open Position,1757.36,1625.56,0,filled,close Position,1757.36,1840.83,0.01,open,close Position,1757.36,1.318,0.014999772
2022.10.29 22:00,1629.4,1622.4,short,1757.36,0.01,1840.83,1590.54,1783.72,0.01,open,open Position,1757.36,1625.56,0,filled,close Position,1757.36,1840.83,0.01,open,close Position,1757.36,1.318,0.014999772
2022.10.29 23:00,1622.4,1625.65,short,1757.36,0.01,1840.83,1590.54,1783.72,0.01,open,open Position,1757.36,1625.56,0,filled,close Position,1757.36,1840.83,0.01,open,close Position,1757.36,1.318,0.014999772
2022.10.30 00:00,1625.65,1624.75,short,1757.36,0.01,1840.83,1590.54,1783.72,0.01,open,open Position,1757.36,1625.56,0,filled,close Position,1757.36,1840.83,0.01,open,close Position,1757.36,1.318,0.014999772
2022.10.30 01:00,1624.75,1610.3,short,1757.36,0.01,1840.83,1590.54,1783.72,0.01,open,open Position,1757.36,1625.56,0,filled,close Position,1757.36,1840.83,0.01,open,close Position,1757.36,1.318,0.014999772
2022.10.30 08:00,1617.65,1624.25,short,1757.36,0.01,1840.83,1590.54,1783.72,0.01,open,open Position,1757.36,1625.56,0,filled,close Position,1757.36,1840.83,0.01,open,close Position,1757.36,1.318,0.014999772
2022.10.30 09:00,1624.25,1633.35,short,1757.36,0.01,1840.83,1590.54,1783.72,0.01,open,open Position,1757.36,1625.56,0,filled,close Position,1757.36,1840.83,0.01,open,close Position,1757.36,1.318,0.014999772
2022.10.30 10:00,1633.35,1627.95,short,1757.36,0.01,1840.83,1590.54,1783.72,0.01,open,open Position,1757.36,1625.56,0,filled,close Position,1757.36,1840.83,0.01,open,close Position,1757.36,1.318,0.014999772
2022.10.30 11:00,1627.95,1615.45,short,1757.36,0.01,1840.83,1590.54,1783.72,0.01,open,open Position,1757.36,1625.56,0,filled,close Position,1757.36,1840.83,0.01,open,close Position,1757.36,1.318,0.014999772
2022.11.04 17:00,1615.55,1659.65,short,1757.36,0.01,1840.83,1590.54,1783.72,0.01,open,open Position,1757.36,1625.56,0,filled,close Position,1757.36,1840.83,0.01,open,close Position,1757.36,1.318,0.014999772
2022.11.04 18:00,1659.65,1624.9,short,1757.36,0.01,1840.83,1590.54,1783.72,0.01,open,open Position,1757.36,1625.56,0,filled,close Position,1757.36,1840.83,0.01,open,close Position,1757.36,1.318,0.014999772
2022.11.04 19:00,1624.9,1621.45,short,1757.36,0.01,1840.83,1590.54,1783.72,0.01,open,open Position,1757.36,1625.56,0,filled,close Position,1757.36,1840.83,0.01,open,close Position,1757.36,1.318,0.014999772
2022.11.04 20:00,1621.45,1622.2,short,1757.36,0.01,1840.83,1590.54,1783.72,0.01,open,open Position,1757.36,1625.56,0,filled,close Position,1757.36,1840.83,0.01,open,close Position,1757.36,1.318,0.014999772
2022.11.04 21:00,1622.2,1636.6,short,1757.36,0.01,1840.83,1590.54,1783.72,0.01,open,open Position,1757.36,1625.56,0,filled,close Position,1757.36,1840.83,0.01,open,close Position,1757.36,1.318,0.014999772
2022.11.05 17:00,1634.25,1628.3,short,1757.36,0.01,1840.83,1590.54,1783.72,0.01,open,open Position,1757.36,1625.56,0,filled,close Position,1757.36,1840.83,0.01,open,close Position,1757.36,1.318,0.014999772
2022.11.05 21:00,1635.6,1629.7,short,1757.36,0.01,1840.83,1590.54,1783.72,0.01,open,open Position,1757.36,1625.56,0,filled,close Position,1757.36,1840.83,0.01,open,close Position,1757.36,1.318,0.014999772
2022.11.06 02:00,1631.45,1626.5,short,1757.36,0.01,1840.83,1590.54,1783.72,0.01,open,open Position,1757.36,1625.56,0,filled,close Position,1757.36,1840.83,0.01,open,close Position,1757.36,1.318,0.014999772
2022.11.06 03:00,1626.5,1628.55,short,1757.36,0.01,1840.83,1590.54,1783.72,0.01,open,open Position,1757.36,1625.56,0,filled,close Position,1757.36,1840.83,0.01,open,close Position,1757.36,1.318,0.014999772
2022.11.06 04:00,1628.55,1613.6,short,1757.36,0.01,1840.83,1590.54,1783.72,0.01,open,open Position,1757.36,1625.56,0,filled,close Position,1757.36,1840.83,0.01,open,close Position,1757.36,1.318,0.014999772
2022.11.06 11:00,1621.7,1630.8,short,1757.36,0.01,1840.83,1590.54,1783.72,0.01,open,open Position,1757.36,1625.56,0,filled,close Position,1757.36,1840.83,0.01,open,close Position,1757.36,1.318,0.014999772
2022.11.06 13:00,1627.45,1627.95,short,1757.36,0.01,1840.83,1590.54,1783.72,0.01,open,open Position,1757.36,1625.56,0,filled,close Position,1757.36,1840.83,0.01,open,close Position,1757.36,1.318,0.014999772
2022.11.06 14:00,1627.95,1619.5,short,1757.36,0.01,1840.83,1590.54,1783.72,0.01,open,open Position,1757.36,1625.56,0,filled,close Position,1757.36,1840.83,0.01,open,close Position,1757.36,1.318,0.014999772
2022.11.06 17:00,1620.3,1625.25,short,1757.36,0.01,1840.83,1590.54,1783.72,0.01,open,open Position,1757.36,1625.56,0,filled,close Position,1757.36,1840.83,0.01,open,close Position,1757.36,1.318,0.014999772
2022.11.06 18:00,1625.25,1623.05,short,1757.36,0.01,1840.83,1590.54,1783.72,0.01,open,open Position,1757.36,1625.56,0,filled,close Position,1757.36,1840.83,0.01,open,close Position,1757.36,1.318,0.014999772
2022.11.08 21:00,1445.8,1344.7,long,1247.52,0.01,1188.26,1247.52,1228.81,0.01,open,open Position,1247.52,1341.08,0,filled,close Position,1247.52,1188.26,0.01,open,close Position,1247.52,0.9356,0.014999359
2022.11.08 22:00,1344.7,1312.75,long,1241.28,0.02,1182.32,1247.52,1228.81,0.01,filled,open Position,1247.52,1341.08,0,open,close Position,1247.52,1188.26,0.01,open,close Position,1247.52,,
2022.11.08 22:00,1344.7,1312.75,long,1241.28,0.01,1182.32,1247.52,1222.66,0.01,open,open Position,1241.28,1334.38,0.01,filled,close Position,1241.28,1182.32,0.02,open,close Position,1241.28,0.931,0.015000644
2022.11.08 23:00,1312.75,1309.4,long,1241.28,0.01,1182.32,1247.52,1222.66,0.01,open,open Position,1241.28,1334.38,0,filled,close Position,1241.28,1182.32,0.01,open,close Position,1241.28,0.931,0.015000644
2022.11.09 00:00,1309.4,1335.2,long,1241.28,0.01,1182.32,1247.52,1222.66,0.01,open,open Position,1241.28,1334.38,0,filled,close Position,1241.28,1182.32,0.01,open,close Position,1241.28,0.931,0.015000644
2022.11.09 01:00,1335.2,1317.75,long,1241.28,0.01,1182.32,1247.52,1222.66,0.01,open,open Position,1241.28,1334.38,0,filled,close Position,1241.28,1182.32,0.01,open,close Position,1241.28,0.931,0.015000644
2022.11.09 02:00,1317.75,1333.55,long,1241.28,0.01,1182.32,1247.52,1222.66,0.01,open,open Position,1241.28,1334.38,0,filled,close Position,1241.28,1182.32,0.01,open,close Position,1241.28,0.931,0.015000644
2022.11.09 03:00,1333.55,1316.3,long,1241.28,0.01,1182.32,1247.52,1222.66,0.01,open,open Position,1241.28,1334.38,0,filled,close Position,1241.28,1182.32,0.01,open,close Position,1241.28,0.931,0.015000644
2022.11.09 12:00,1262.65,1215.15,long,1235.07,0.02,1176.4,1247.52,1222.66,0.01,filled,open Position,1241.28,1334.38,0,open,close Position,1241.28,1182.32,0.01,open,close Position,1241.28,,
2022.11.09 13:00,1215.15,1193.5,long,1230.44,0.03,1171.99,1247.52,1216.54,0.01,filled,open Position,1235.07,1327.7,0.01,open,close Position,1235.07,1176.4,0.02,open,close Position,1235.07,,
2022.11.09 13:00,1215.15,1193.5,long,1230.44,0,1171.99,1247.52,1211.98,0.01,open,open Position,1230.44,1322.72,0.02,open,close Position,1230.44,1171.99,0.03,filled,close Position,1230.44,0,0
2022.11.09 14:00,1193.5,1218.7,long,1211.98,0.01,1154.41,1211.98,1211.98,0.01,filled,open Position,1230.44,1322.72,-0.01,open,close Position,1230.44,1171.99,0,open,close Position,1230.44,,
2022.11.09 16:00,1226.2,1213.6,long,1205.92,0.02,1148.64,1211.98,1193.8,0.01,filled,open Position,1211.98,1302.88,0,open,close Position,1211.98,1154.41,0.01,open,close Position,1211.98,,
2022.11.09 17:00,1213.6,1225,long,1201.4,0.03,1144.33,1211.98,1187.83,0.01,filled,open Position,1205.92,1296.36,0.01,open,close Position,1205.92,1148.64,0.02,open,close Position,1205.92,,
2022.11.09 18:00,1225,1161.9,long,1197.8,0.04,1140.9,1211.98,1183.38,0.01,filled,open Position,1201.4,1291.51,0.02,open,close Position,1201.4,1144.33,0.03,open,close Position,1201.4,,
2022.11.09 19:00,1161.9,1173.35,long,1194.8,0.05,1138.05,1211.98,1179.83,0.01,filled,open Position,1197.8,1287.63,0.03,open,close Position,1197.8,1140.9,0.04,open,close Position,1197.8,,
2022.11.09 20:00,1173.35,1167.35,long,1192.24,0.06,1135.61,1211.98,1176.88,0.01,filled,open Position,1194.8,1284.41,0.04,open,close Position,1194.8,1138.05,0.04,open,close Position,1194.8,,
2022.11.09 21:00,1167.35,1163.05,long,1190.01,0.07,1133.48,1211.98,1174.36,0.01,filled,open Position,1192.24,1281.66,0.05,open,close Position,1192.24,1135.61,0.05,open,close Position,1192.24,,
2022.11.09 22:00,1163.05,1194,long,1186.76,0.09,1130.39,1211.98,1172.16,0.02,filled,open Position,1190.01,1279.26,0.06,open,close Position,1190.01,1133.48,0.05,open,close Position,1190.01,,
2022.11.09 23:00,1194,1164.25,long,1184.02,0.11,1127.78,1211.98,1168.96,0.02,filled,open Position,1186.76,1275.77,0.08,open,close Position,1186.76,1130.39,0.07,open,close Position,1186.76,,
2022.11.10 00:00,1164.25,1104.8,long,1184.02,0,1127.78,1211.98,1166.26,0.03,open,open Position,1184.02,1272.82,0.1,open,close Position,1184.02,1127.78,0.08,filled,close Position,1184.02,0,0
2022.11.10 01:00,1104.8,1116.65,long,1184.02,0,1127.78,1211.98,1166.26,0.01,open,open Position,1184.02,1272.82,-0.01,open,close Position,1184.02,1127.78,0,filled,close Position,1184.02,0,0
2022.11.10 03:00,1100.75,1143.55,long,1184.02,0,1127.78,1211.98,1166.26,0.01,open,open Position,1184.02,1272.82,-0.01,open,close Position,1184.02,1127.78,0,filled,close Position,1184.02,0,0
2022.11.10 05:00,1136.65,1149.35,long,1184.02,0,1127.78,1211.98,1166.26,0.01,open,open Position,1184.02,1272.82,-0.01,open,close Position,1184.02,1127.78,0,filled,close Position,1184.02,0,0
2022.11.10 06:00,1149.35,1172.8,long,1166.26,0.01,1110.86,1166.26,1166.26,0.01,filled,open Position,1184.02,1272.82,-0.01,open,close Position,1184.02,1127.78,0,open,close Position,1184.02,,
2022.11.10 16:00,1213.9,1297.8,long,1166.26,0.01,1110.86,1166.26,1148.77,0.01,open,open Position,1166.26,1253.73,0,filled,close Position,1166.26,1110.86,0.01,open,close Position,1166.26,0.8747,0.015000086
2022.11.10 20:00,1319.45,1257.55,long,1166.26,0.01,1110.86,1166.26,1148.77,0.01,open,open Position,1166.26,1253.73,0,filled,close Position,1166.26,1110.86,0.01,open,close Position,1166.26,0.8747,0.015000086
2022.11.10 21:00,1257.55,1272.25,long,1166.26,0.01,1110.86,1166.26,1148.77,0.01,open,open Position,1166.26,1253.73,0,filled,close Position,1166.26,1110.86,0.01,open,close Position,1166.26,0.8747,0.015000086
2022.11.11 05:00,1261.55,1251.25,long,1166.26,0.01,1110.86,1166.26,1148.77,0.01,open,open Position,1166.26,1253.73,0,filled,close Position,1166.26,1110.86,0.01,open,close Position,1166.26,0.8747,0.015000086
2022.11.11 06:00,1251.25,1238.05,long,1166.26,0.01,1110.86,1166.26,1148.77,0.01,open,open Position,1166.26,1253.73,0,filled,close Position,1166.26,1110.86,0.01,open,close Position,1166.26,0.8747,0.015000086
2022.11.11 08:00,1233.85,1265.35,long,1166.26,0.01,1110.86,1166.26,1148.77,0.01,open,open Position,1166.26,1253.73,0,filled,close Position,1166.26,1110.86,0.01,open,close Position,1166.26,0.8747,0.015000086
2022.11.11 09:00,1265.35,1263.7,long,1166.26,0.01,1110.86,1166.26,1148.77,0.01,open,open Position,1166.26,1253.73,0,filled,close Position,1166.26,1110.86,0.01,open,close Position,1166.26,0.8747,0.015000086
2022.11.11 10:00,1263.7,1277.7,long,1166.26,0.01,1110.86,1166.26,1148.77,0.01,open,open Position,1166.26,1253.73,0,filled,close Position,1166.26,1110.86,0.01,open,close Position,1166.26,0.8747,0.015000086
2022.11.11 17:00,1282.65,1261.15,long,1166.26,0.01,1110.86,1166.26,1148.77,0.01,open,open Position,1166.26,1253.73,0,filled,close Position,1166.26,1110.86,0.01,open,close Position,1166.26,0.8747,0.015000086
2022.11.11 18:00,1261.15,1259.35,long,1166.26,0.01,1110.86,1166.26,1148.77,0.01,open,open Position,1166.26,1253.73,0,filled,close Position,1166.26,1110.86,0.01,open,close Position,1166.26,0.8747,0.015000086
2022.11.11 19:00,1259.35,1249.25,long,1166.26,0.01,1110.86,1166.26,1148.77,0.01,open,open Position,1166.26,1253.73,0,filled,close Position,1166.26,1110.86,0.01,open,close Position,1166.26,0.8747,0.015000086
2022.11.11 20:00,1249.25,1273.5,long,1166.26,0.01,1110.86,1166.26,1148.77,0.01,open,open Position,1166.26,1253.73,0,filled,close Position,1166.26,1110.86,0.01,open,close Position,1166.26,0.8747,0.015000086
2022.11.11 22:00,1263.7,1273.35,long,1166.26,0.01,1110.86,1166.26,1148.77,0.01,open,open Position,1166.26,1253.73,0,filled,close Position,1166.26,1110.86,0.01,open,close Position,1166.26,0.8747,0.015000086
2022.11.11 23:00,1273.35,1244.8,long,1166.26,0.01,1110.86,1166.26,1148.77,0.01,open,open Position,1166.26,1253.73,0,filled,close Position,1166.26,1110.86,0.01,open,close Position,1166.26,0.8747,0.015000086
2022.11.12 00:00,1244.8,1268.7,long,1166.26,0.01,1110.86,1166.26,1148.77,0.01,open,open Position,1166.26,1253.73,0,filled,close Position,1166.26,1110.86,0.01,open,close Position,1166.26,0.8747,0.015000086
2022.11.12 06:00,1275.9,1258.95,long,1166.26,0.01,1110.86,1166.26,1148.77,0.01,open,open Position,1166.26,1253.73,0,filled,close Position,1166.26,1110.86,0.01,open,close Position,1166.26,0.8747,0.015000086
2022.11.12 07:00,1258.95,1256.4,long,1166.26,0.01,1110.86,1166.26,1148.77,0.01,open,open Position,1166.26,1253.73,0,filled,close Position,1166.26,1110.86,0.01,open,close Position,1166.26,0.8747,0.015000086
2022.11.12 08:00,1256.4,1246.95,long,1166.26,0.01,1110.86,1166.26,1148.77,0.01,open,open Position,1166.26,1253.73,0,filled,close Position,1166.26,1110.86,0.01,open,close Position,1166.26,0.8747,0.015000086
2022.11.12 09:00,1246.95,1260.9,long,1166.26,0.01,1110.86,1166.26,1148.77,0.01,open,open Position,1166.26,1253.73,0,filled,close Position,1166.26,1110.86,0.01,open,close Position,1166.26,0.8747,0.015000086
2022.11.12 11:00,1265.55,1261,long,1166.26,0.01,1110.86,1166.26,1148.77,0.01,open,open Position,1166.26,1253.73,0,filled,close Position,1166.26,1110.86,0.01,open,close Position,1166.26,0.8747,0.015000086
2022.11.12 14:00,1259.45,1260,long,1166.26,0.01,1110.86,1166.26,1148.77,0.01,open,open Position,1166.26,1253.73,0,filled,close Position,1166.26,1110.86,0.01,open,close Position,1166.26,0.8747,0.015000086
2022.11.12 15:00,1260,1268.05,long,1166.26,0.01,1110.86,1166.26,1148.77,0.01,open,open Position,1166.26,1253.73,0,filled,close Position,1166.26,1110.86,0.01,open,close Position,1166.26,0.8747,0.015000086
2022.11.13 00:00,1265.2,1257.4,long,1166.26,0.01,1110.86,1166.26,1148.77,0.01,open,open Position,1166.26,1253.73,0,filled,close Position,1166.26,1110.86,0.01,open,close Position,1166.26,0.8747,0.015000086
2022.11.13 02:00,1259.8,1256.5,long,1166.26,0.01,1110.86,1166.26,1148.77,0.01,open,open Position,1166.26,1253.73,0,filled,close Position,1166.26,1110.86,0.01,open,close Position,1166.26,0.8747,0.015000086
2022.11.13 03:00,1256.5,1259,long,1166.26,0.01,1110.86,1166.26,1148.77,0.01,open,open Position,1166.26,1253.73,0,filled,close Position,1166.26,1110.86,0.01,open,close Position,1166.26,0.8747,0.015000086
2022.11.13 09:00,1263.75,1247.65,long,1166.26,0.01,1110.86,1166.26,1148.77,0.01,open,open Position,1166.26,1253.73,0,filled,close Position,1166.26,1110.86,0.01,open,close Position,1166.26,0.8747,0.015000086
2022.11.13 10:00,1247.65,1250.3,long,1166.26,0.01,1110.86,1166.26,1148.77,0.01,open,open Position,1166.26,1253.73,0,filled,close Position,1166.26,1110.86,0.01,open,close Position,1166.26,0.8747,0.015000086
2022.11.14 10:00,1236.7,1259.5,long,1166.26,0.01,1110.86,1166.26,1148.77,0.01,open,open Position,1166.26,1253.73,0,filled,close Position,1166.26,1110.86,0.01,open,close Position,1166.26,0.8747,0.015000086
2022.11.14 12:00,1260.7,1256.4,long,1166.26,0.01,1110.86,1166.26,1148.77,0.01,open,open Position,1166.26,1253.73,0,filled,close Position,1166.26,1110.86,0.01,open,close Position,1166.26,0.8747,0.015000086
2022.11.14 13:00,1256.4,1259.9,long,1166.26,0.01,1110.86,1166.26,1148.77,0.01,open,open Position,1166.26,1253.73,0,filled,close Position,1166.26,1110.86,0.01,open,close Position,1166.26,0.8747,0.015000086
2022.11.14 14:00,1259.9,1251.4,long,1166.26,0.01,1110.86,1166.26,1148.77,0.01,open,open Position,1166.26,1253.73,0,filled,close Position,1166.26,1110.86,0.01,open,close Position,1166.26,0.8747,0.015000086
2022.11.14 15:00,1251.4,1263.85,long,1166.26,0.01,1110.86,1166.26,1148.77,0.01,open,open Position,1166.26,1253.73,0,filled,close Position,1166.26,1110.86,0.01,open,close Position,1166.26,0.8747,0.015000086
2022.11.14 16:00,1263.85,1258.05,long,1166.26,0.01,1110.86,1166.26,1148.77,0.01,open,open Position,1166.26,1253.73,0,filled,close Position,1166.26,1110.86,0.01,open,close Position,1166.26,0.8747,0.015000086
2022.11.14 17:00,1258.05,1251.15,long,1166.26,0.01,1110.86,1166.26,1148.77,0.01,open,open Position,1166.26,1253.73,0,filled,close Position,1166.26,1110.86,0.01,open,close Position,1166.26,0.8747,0.015000086
2022.11.14 18:00,1251.15,1244.8,long,1166.26,0.01,1110.86,1166.26,1148.77,0.01,open,open Position,1166.26,1253.73,0,filled,close Position,1166.26,1110.86,0.01,open,close Position,1166.26,0.8747,0.015000086
2022.11.15 03:00,1242.55,1240.75,long,1166.26,0.01,1110.86,1166.26,1148.77,0.01,open,open Position,1166.26,1253.73,0,filled,close Position,1166.26,1110.86,0.01,open,close Position,1166.26,0.8747,0.015000086
2022.11.15 04:00,1240.75,1257.5,long,1166.26,0.01,1110.86,1166.26,1148.77,0.01,open,open Position,1166.26,1253.73,0,filled,close Position,1166.26,1110.86,0.01,open,close Position,1166.26,0.8747,0.015000086
2022.11.15 06:00,1258.3,1255.7,long,1166.26,0.01,1110.86,1166.26,1148.77,0.01,open,open Position,1166.26,1253.73,0,filled,close Position,1166.26,1110.86,0.01,open,close Position,1166.26,0.8747,0.015000086
2022.11.15 07:00,1255.7,1257.1,long,1166.26,0.01,1110.86,1166.26,1148.77,0.01,open,open Position,1166.26,1253.73,0,filled,close Position,1166.26,1110.86,0.01,open,close Position,1166.26,0.8747,0.015000086
2022.11.15 08:00,1257.1,1247.4,long,1166.26,0.01,1110.86,1166.26,1148.77,0.01,open,open Position,1166.26,1253.73,0,filled,close Position,1166.26,1110.86,0.01,open,close Position,1166.26,0.8747,0.015000086
2022.11.15 09:00,1247.4,1255.7,long,1166.26,0.01,1110.86,1166.26,1148.77,0.01,open,open Position,1166.26,1253.73,0,filled,close Position,1166.26,1110.86,0.01,open,close Position,1166.26,0.8747,0.015000086
2022.11.15 13:00,1259.1,1266.2,long,1166.26,0.01,1110.86,1166.26,1148.77,0.01,open,open Position,1166.26,1253.73,0,filled,close Position,1166.26,1110.86,0.01,open,close Position,1166.26,0.8747,0.015000086
2022.11.15 21:00,1266.1,1242.5,long,1166.26,0.01,1110.86,1166.26,1148.77,0.01,open,open Position,1166.26,1253.73,0,filled,close Position,1166.26,1110.86,0.01,open,close Position,1166.26,0.8747,0.015000086
2022.11.15 22:00,1242.5,1255.95,long,1166.26,0.01,1110.86,1166.26,1148.77,0.01,open,open Position,1166.26,1253.73,0,filled,close Position,1166.26,1110.86,0.01,open,close Position,1166.26,0.8747,0.015000086
2022.11.15 23:00,1255.95,1252.95,long,1166.26,0.01,1110.86,1166.26,1148.77,0.01,open,open Position,1166.26,1253.73,0,filled,close Position,1166.26,1110.86,0.01,open,close Position,1166.26,0.8747,0.015000086
2022.11.16 00:00,1252.95,1246.85,long,1166.26,0.01,1110.86,1166.26,1148.77,0.01,open,open Position,1166.26,1253.73,0,filled,close Position,1166.26,1110.86,0.01,open,close Position,1166.26,0.8747,0.015000086
2022.11.16 02:00,1245.75,1253.05,long,1166.26,0.01,1110.86,1166.26,1148.77,0.01,open,open Position,1166.26,1253.73,0,filled,close Position,1166.26,1110.86,0.01,open,close Position,1166.26,0.8747,0.015000086
2022.11.16 03:00,1253.05,1251.45,long,1166.26,0.01,1110.86,1166.26,1148.77,0.01,open,open Position,1166.26,1253.73,0,filled,close Position,1166.26,1110.86,0.01,open,close Position,1166.26,0.8747,0.015000086
2022.11.16 04:00,1251.45,1260.4,long,1166.26,0.01,1110.86,1166.26,1148.77,0.01,open,open Position,1166.26,1253.73,0,filled,close Position,1166.26,1110.86,0.01,open,close Position,1166.26,0.8747,0.015000086
2022.11.16 08:00,1257.2,1257.05,long,1166.26,0.01,1110.86,1166.26,1148.77,0.01,open,open Position,1166.26,1253.73,0,filled,close Position,1166.26,1110.86,0.01,open,close Position,1166.26,0.8747,0.015000086
2022.11.16 09:00,1257.05,1248.4,long,1166.26,0.01,1110.86,1166.26,1148.77,0.01,open,open Position,1166.26,1253.73,0,filled,close Position,1166.26,1110.86,0.01,open,close Position,1166.26,0.8747,0.015000086
2022.11.21 00:00,1177.15,1142.3,long,1160.43,0.02,1105.31,1166.26,1148.77,0.01,filled,open Position,1166.26,1253.73,0,open,close Position,1166.26,1110.86,0.01,open,close Position,1166.26,,
2022.11.21 01:00,1142.3,1142.6,long,1156.08,0.03,1101.17,1166.26,1143.02,0.01,filled,open Position,1160.43,1247.46,0.01,open,close Position,1160.43,1105.31,0.02,open,close Position,1160.43,,
2022.11.21 02:00,1142.6,1142,long,1152.61,0.04,1097.86,1166.26,1138.74,0.01,filled,open Position,1156.08,1242.79,0.02,open,close Position,1156.08,1101.17,0.03,open,close Position,1156.08,,
2022.11.21 03:00,1142,1140.4,long,1149.73,0.05,1095.12,1166.26,1135.32,0.01,filled,open Position,1152.61,1239.06,0.03,open,close Position,1152.61,1097.86,0.04,open,close Position,1152.61,,
2022.11.21 04:00,1140.4,1131.25,long,1147.27,0.06,1092.77,1166.26,1132.48,0.01,filled,open Position,1149.73,1235.96,0.04,open,close Position,1149.73,1095.12,0.04,open,close Position,1149.73,,
2022.11.21 05:00,1131.25,1122.7,long,1145.12,0.07,1090.73,1166.26,1130.06,0.01,filled,open Position,1147.27,1233.32,0.05,open,close Position,1147.27,1092.77,0.05,open,close Position,1147.27,,
2022.11.21 07:00,1125.2,1128.8,long,1142,0.09,1087.76,1166.26,1127.94,0.02,filled,open Position,1145.12,1231,0.06,open,close Position,1145.12,1090.73,0.05,open,close Position,1145.12,,
2022.11.21 10:00,1127.75,1123.15,long,1139.36,0.11,1085.24,1166.26,1124.87,0.02,filled,open Position,1142,1227.65,0.08,open,close Position,1142,1087.76,0.07,open,close Position,1142,,
2022.11.21 11:00,1123.15,1119.95,long,1136.34,0.14,1082.36,1166.26,1122.27,0.03,filled,open Position,1139.36,1224.81,0.1,open,close Position,1139.36,1085.24,0.08,open,close Position,1139.36,,
2022.11.21 12:00,1119.95,1120.75,long,1133.24,0.18,1079.41,1166.26,1119.29,0.04,filled,open Position,1136.34,1221.57,0.13,open,close Position,1136.34,1082.36,0.1,open,close Position,1136.34,,
2022.11.21 13:00,1120.75,1126.75,long,1130.62,0.22,1076.92,1166.26,1116.24,0.04,filled,open Position,1133.24,1218.23,0.17,open,close Position,1133.24,1079.41,0.14,open,close Position,1133.24,,
2022.11.21 19:00,1129.9,1116.05,long,1127.63,0.28,1074.07,1166.26,1113.66,0.06,filled,open Position,1130.62,1215.42,0.21,open,close Position,1130.62,1076.92,0.16,open,close Position,1130.62,,
2022.11.21 20:00,1116.05,1105.5,long,1124.81,0.35,1071.38,1166.26,1110.72,0.07,filled,open Position,1127.63,1212.2,0.27,open,close Position,1127.63,1074.07,0.21,open,close Position,1127.63,,
2022.11.21 21:00,1105.5,1100.2,long,1121.95,0.44,1068.66,1166.26,1107.94,0.09,filled,open Position,1124.81,1209.17,0.34,open,close Position,1124.81,1071.38,0.26,open,close Position,1124.81,,
2022.11.21 22:00,1100.2,1091.05,long,1119.14,0.55,1065.98,1166.26,1105.12,0.11,filled,open Position,1121.95,1206.1,0.43,open,close Position,1121.95,1068.66,0.33,open,close Position,1121.95,,
2022.11.21 23:00,1091.05,1104.15,long,1116.31,0.69,1063.29,1166.26,1102.35,0.14,filled,open Position,1119.14,1203.08,0.54,open,close Position,1119.14,1065.98,0.41,open,close Position,1119.14,,
2022.11.22 00:00,1104.15,1094.5,long,1113.55,0.86,1060.66,1166.26,1099.57,0.17,filled,open Position,1116.31,1200.03,0.68,open,close Position,1116.31,1063.29,0.52,open,close Position,1116.31,,
2022.11.22 01:00,1094.5,1107,long,1110.81,1.07,1058.05,1166.26,1096.85,0.21,filled,open Position,1113.55,1197.07,0.85,open,close Position,1113.55,1060.66,0.65,open,close Position,1113.55,,
2022.11.22 09:00,1098.4,1084.9,long,1108.02,1.34,1055.39,1166.26,1094.15,0.27,filled,open Position,1110.81,1194.12,1.06,open,close Position,1110.81,1058.05,0.8,open,close Position,1110.81,,
2022.11.22 10:00,1084.9,1092.9,long,1105.22,1.68,1052.72,1166.26,1091.4,0.34,filled,open Position,1108.02,1191.12,1.33,open,close Position,1108.02,1055.39,1,open,close Position,1108.02,,
2022.11.22 11:00,1092.9,1087.4,long,1102.46,2.1,1050.09,1166.26,1088.64,0.42,filled,open Position,1105.22,1188.11,1.67,open,close Position,1105.22,1052.72,1.26,open,close Position,1105.22,,
2022.11.22 12:00,1087.4,1081.15,long,1099.69,2.63,1047.45,1166.26,1085.92,0.53,filled,open Position,1102.46,1185.14,2.09,open,close Position,1102.46,1050.09,1.57,open,close Position,1102.46,,
2022.11.22 13:00,1081.15,1092.3,long,1096.93,3.29,1044.83,1166.26,1083.19,0.66,filled,open Position,1099.69,1182.17,2.62,open,close Position,1099.69,1047.45,1.97,open,close Position,1099.69,,
2022.11.22 15:00,1085.35,1098.1,long,1094.19,4.11,1042.22,1166.26,1080.48,0.82,filled,open Position,1096.93,1179.2,3.28,open,close Position,1096.93,1044.83,2.47,open,close Position,1096.93,,
2022.11.23 13:00,1165.45,1173.3,long,1094.19,0.01,1042.22,1166.26,1077.78,1.03,open,open Position,1094.19,1176.25,4.1,filled,close Position,1094.19,1042.22,3.08,open,close Position,1094.19,0.8206,0.014999223
2022.11.23 14:00,1173.3,1173.75,long,1094.19,0.01,1042.22,1166.26,1077.78,0.01,open,open Position,1094.19,1176.25,0,filled,close Position,1094.19,1042.22,0.01,open,close Position,1094.19,0.8206,0.014999223
2022.11.23 15:00,1173.75,1163.8,long,1094.19,0.01,1042.22,1166.26,1077.78,0.01,open,open Position,1094.19,1176.25,0,filled,close Position,1094.19,1042.22,0.01,open,close Position,1094.19,0.8206,0.014999223
2022.11.23 21:00,1153.35,1169.5,long,1094.19,0.01,1042.22,1166.26,1077.78,0.01,open,open Position,1094.19,1176.25,0,filled,close Position,1094.19,1042.22,0.01,open,close Position,1094.19,0.8206,0.014999223
2022.11.23 22:00,1169.5,1168.05,long,1094.19,0.01,1042.22,1166.26,1077.78,0.01,open,open Position,1094.19,1176.25,0,filled,close Position,1094.19,1042.22,0.01,open,close Position,1094.19,0.8206,0.014999223
2022.11.24 00:00,1174.4,1168.55,long,1094.19,0.01,1042.22,1166.26,1077.78,0.01,open,open Position,1094.19,1176.25,0,filled,close Position,1094.19,1042.22,0.01,open,close Position,1094.19,0.8206,0.014999223
2022.11.24 02:00,1173.6,1183.4,long,1094.19,0.01,1042.22,1166.26,1077.78,0.01,open,open Position,1094.19,1176.25,0,filled,close Position,1094.19,1042.22,0.01,open,close Position,1094.19,0.8206,0.014999223
2022.11.25 07:00,1185.6,1175.05,long,1094.19,0.01,1042.22,1166.26,1077.78,0.01,open,open Position,1094.19,1176.25,0,filled,close Position,1094.19,1042.22,0.01,open,close Position,1094.19,0.8206,0.014999223
2022.11.25 08:00,1175.05,1172.5,long,1094.19,0.01,1042.22,1166.26,1077.78,0.01,open,open Position,1094.19,1176.25,0,filled,close Position,1094.19,1042.22,0.01,open,close Position,1094.19,0.8206,0.014999223
2022.11.25 09:00,1172.5,1181.15,long,1094.19,0.01,1042.22,1166.26,1077.78,0.01,open,open Position,1094.19,1176.25,0,filled,close Position,1094.19,1042.22,0.01,open,close Position,1094.19,0.8206,0.014999223
2022.11.25 13:00,1178.45,1184.75,long,1094.19,0.01,1042.22,1166.26,1077.78,0.01,open,open Position,1094.19,1176.25,0,filled,close Position,1094.19,1042.22,0.01,open,close Position,1094.19,0.8206,0.014999223
,,,,,,,,,,,,,,,,,,,,,,,,
,,,,,,,,,,,,,,,,,,,,,,,,
,,,,,,,,,,,,,,,,,,,,,,,,
,,,,,,,,,,,,,,,,,,,,,,,,
,,,,,,,,,,,,,,,,,,,,,,,,
2022.09.13 15:00,1736.7,1627.9,short,1757.36,0.01,,,,,,,,1625.56,3.28,filled,close Position,1757.36,,,,,,432.304,0.014999772
