timeStamp,open,high,low,close,vol,trend,highLow,closeOpen,upperBB,midBB,lowerBB,pbBB,highUpper,lowLower,hull,hullGreaterAvg10,bbTrend
1669060800000,1091.05,1105.45,1088.9,1099.85,54722.64,1,16.549999999999955,8.799999999999955,1260.6131986966004,1174.1125000000002,1087.6118013034,0.7028162808433992,-155.16319869660038,1.2881986966001477,-153.87500000000023,-108.80900000000047,down
1669046400000,1129.9,1132.8,1077.45,1091.05,647620.97,-1,-55.34999999999991,-38.850000000000136,1260.3961146249817,1179.6425000000004,1098.888885375019,0.6907499753606651,-127.59611462498174,-21.438885375019026,-149.03500000000076,-91.27000000000044,down
1669032000000,1124.25,1146.55,1114.75,1129.9,277550.08,1,31.799999999999955,5.650000000000091,1257.116238927273,1185.9250000000004,1114.733761072728,0.716143169185739,-110.56623892727293,0.016238927272070214,-110.55000000000086,-74.24250000000032,down
1669017600000,1123.15,1131.2,1101.25,1124.25,287383.08,1,29.950000000000045,1.099999999999909,1257.4155511978615,1190.1300000000003,1122.8444488021391,0.6773783492521825,-126.21555119786149,-21.59444880213914,-147.81000000000063,-60.778000000000226,down
1669003200000,1125.2,1141,1116.8,1123.15,221657.8,-1,-24.200000000000045,-2.0499999999999545,1256.050547741171,1194.8900000000003,1133.7294522588297,0.7007830284968737,-115.05054774117093,-16.92945225882977,-131.9800000000007,-45.71900000000014,down
1668988800000,1142,1143.75,1110.15,1125.2,307581.19,-1,-33.59999999999991,-16.799999999999955,1250.2802221139737,1198.7300000000002,1147.1797778860268,0.5118331206925013,-106.53022211397365,-37.02977788602675,-143.5600000000004,-32.44650000000006,down
1668974400000,1184.7,1186.15,1132,1142,328985,-1,-54.15000000000009,-42.700000000000045,1241.5522818446852,1202.5750000000003,1163.5977181553153,0.49390670696467337,-55.40228184468515,-31.597718155315306,-87.00000000000045,-18.591500000000043,down
1668960000000,1177.1,1191.6,1169.05,1184.7,103767.76,1,22.549999999999955,7.600000000000136,1233.0416208947804,1205.0875,1177.1333791052198,0.27038269154804384,-41.4416208947805,-8.08337910521982,-49.52500000000032,-11.954500000000053,down
1668945600000,1167.65,1180.95,1152.5,1177.1,232452.41,1,28.450000000000045,9.449999999999818,1232.3769995451446,1205.9950000000001,1179.6130004548556,0.4403949652372154,-51.426999545144554,-27.113000454855637,-78.54000000000019,-8.63400000000006,down
1668931200000,1219.5,1220,1158.5,1167.65,357989.86,-1,-61.5,-51.84999999999991,1230.2079108278167,1207.3575,1184.5070891721834,0.43419155518335306,-10.207910827816704,-26.00708917218344,-36.215000000000146,-2.18250000000005,down
1668916800000,1218.25,1222.75,1217.05,1219.5,29071.16,1,5.7000000000000455,1.25,1223.1878292948224,1209.1425,1195.0971707051774,0.2937926595236437,-0.4378292948224498,21.95282929482255,21.5150000000001,-1.1385000000000218,up
1668902400000,1217.1,1225.9,1213.2,1218.25,68144.54,1,12.700000000000045,1.150000000000091,1222.4612748845036,1208.9299999999998,1195.398725115496,0.7335330578214003,3.4387251154964815,17.801274884503982,21.240000000000464,-4.378500000000054,up
1668888000000,1207.95,1233,1207.95,1217.1,141931.44,1,25.049999999999955,9.149999999999864,1221.2657037294944,1208.4275,1195.5892962705057,0.4911397262111791,11.734296270505638,12.36070372949439,24.095000000000027,-8.879000000000087,up
1668873600000,1208.85,1211,1206.15,1207.95,33495.16,-1,-4.849999999999909,-0.8999999999998636,1221.1830034290608,1207.185,1193.186996570939,-0.03346893632679785,-10.183003429060818,12.963003429061018,2.7800000000002,-13.040000000000077,up
1668859200000,1210.45,1211.3,1205.25,1208.85,38164.63,-1,-6.0499999999999545,-1.6000000000001364,1223.3770104930657,1207.9025,1192.4279895069342,0.9652004987961229,-12.0770104930657,12.822010493065818,0.7450000000001182,-15.59500000000005,up
1668844800000,1205.65,1211.4,1203,1210.45,45498.51,1,8.400000000000091,4.7999999999999545,1232.0667508259082,1209.7050000000002,1187.343249174092,1.2869464308497571,-20.66675082590814,15.65675082590792,-5.010000000000218,-20.73950000000002,up
1668830400000,1207.9,1208.75,1195.35,1205.65,67348.51,-1,-13.400000000000091,-2.25,1244.824930683845,1212.3650000000002,1179.9050693161555,1.289973960503932,-36.07493068384497,15.444930683844404,-20.630000000000564,-25.80199999999993,up
1668816000000,1212.55,1213.1,1200.05,1207.9,46432.2,-1,-13.049999999999955,-4.649999999999864,1251.5210720925734,1214.7350000000001,1177.9489279074269,1.02078134223707,-38.42107209257347,22.101072092573077,-16.32000000000039,-30.15049999999983,up
1668801600000,1209.2,1214.9,1205.35,1212.55,59813.1,1,9.550000000000182,3.349999999999909,1257.8869647204108,1217.1375,1176.3880352795893,0.9762332495199557,-42.9869647204107,28.961964720410606,-14.025000000000091,-36.8624999999998,up
1668787200000,1210.45,1213.8,1199.75,1209.2,99143.49,-1,-14.049999999999955,-1.25,1264.9659090880587,1219.6625,1174.3590909119412,0.9788546918805311,-51.1659090880587,25.390909088058834,-25.774999999999864,-41.78999999999981,up
1668772800000,1216.7,1227.85,1205.6,1210.45,136904.99,-1,-22.25,-6.25,1270.3300609265123,1222.1675,1174.0049390734878,0.8854913368981534,-42.48006092651235,31.595060926512133,-10.885000000000218,-43.703999999999816,up
1668758400000,1214,1225,1201,1216.7,120114.56,1,24,2.7000000000000455,1276.1205842245297,1224.8825,1173.6444157754702,0.88904167284336,-51.12058422452969,27.35558422452982,-23.764999999999873,-47.975499999999855,up
1668744000000,1219.45,1223.7,1212.45,1214,74646.31,-1,-11.25,-5.4500000000000455,1279.6215544999625,1226.8325,1174.0434455000375,0.773423158204326,-55.92155449996244,38.40655449996257,-17.514999999999873,-52.16599999999987,up
1668729600000,1199.95,1235,1198.75,1219.45,193282.2,1,36.25,19.5,1281.1278219714031,1228.2599999999998,1175.3921780285964,0.6351483706641988,-46.12782197140314,23.35782197140361,-22.769999999999527,-56.521499999999925,up
1668715200000,1202.1,1210.15,1195.3,1199.95,101872.37,-1,-14.850000000000136,-2.1499999999998636,1281.0905307433584,1228.0749999999998,1175.0594692566413,0.3837604770980831,-70.9405307433583,20.240530743358704,-50.69999999999959,-56.101999999999975,up
1668700800000,1192.25,1216.6,1188.4,1202.1,208351.09,1,28.199999999999818,9.849999999999909,1282.1660609732803,1230.3174999999997,1178.468939026719,0.6396615424627081,-65.5660609732804,9.931060973281092,-55.63499999999931,-49.37350000000006,down
1668686400000,1202.85,1218.25,1183.2,1192.25,342649.16,-1,-35.049999999999955,-10.599999999999909,1283.710068909187,1232.7824999999998,1181.8549310908127,0.6827841029796512,-65.46006890918693,1.3450689091873755,-64.11499999999955,-41.54750000000017,down
1668672000000,1204.35,1207.85,1181,1202.85,172233.74,-1,-26.84999999999991,-1.5,1284.7513771536205,1236.145,1187.5386228463794,0.74024625334847,-76.90137715362061,-6.53862284637944,-83.44000000000005,-33.67250000000022,down
1668657600000,1203.35,1215.8,1192.2,1204.35,140889.64,1,23.59999999999991,1,1285.7803301405447,1235.65,1185.5196698594555,0.07411012574336757,-69.98033014054477,6.680330140544584,-63.30000000000018,-24.210500000000206,down
1668643200000,1215.25,1227.65,1200.35,1203.35,99873.09,-1,-27.300000000000182,-11.900000000000091,1285.041533128179,1236.4575,1187.873466871821,0.33577423514944327,-57.391533128178935,12.476533128178971,-44.914999999999964,-12.693000000000211,down
1668628800000,1208.2,1221,1200.8,1215.25,98717.5,1,20.200000000000045,7.0499999999999545,1284.0535219805358,1237.7000000000003,1191.3464780194647,0.3975266647053335,-63.053521980535834,9.453521980535243,-53.60000000000059,-4.4940000000002325,down
1668614400000,1192.25,1224.9,1186.4,1208.2,196081,1,38.5,15.950000000000045,1283.8115496149885,1238.4850000000001,1193.1584503850117,0.41688094434714656,-58.91154961498842,-6.758450385011656,-65.67000000000007,3.521999999999798,down
1668600000000,1222.3,1233.5,1185.55,1192.25,401712.37,-1,-47.950000000000045,-30.049999999999955,1283.2043229173898,1240.0600000000002,1196.9156770826105,0.4958279563143286,-49.704322917389845,-11.365677082610546,-61.07000000000039,10.64199999999978,down
1668585600000,1244.9,1253.65,1213.7,1222.3,204656.48,-1,-39.950000000000045,-22.600000000000136,1280.2659432056882,1242.9625,1205.659056794312,0.5983488301541159,-26.615943205688154,8.040943205688109,-18.575000000000045,12.93049999999987,down
1668571200000,1263.65,1264.5,1242.9,1244.9,100428.9,-1,-21.59999999999991,-18.75,1283.3774654332212,1245.4075000000003,1207.4375345667793,0.8396434485219891,-18.877465433221232,35.462465433220814,16.58499999999958,10.331499999999869,up
1668556800000,1253.05,1267.85,1246.75,1263.65,92955.83,1,21.09999999999991,10.600000000000136,1284.2619023467385,1245.9875000000002,1207.713097653262,0.6373306878153734,-16.411902346738543,39.03690234673809,22.624999999999545,11.24099999999994,up
1668542400000,1255.95,1266,1241.05,1253.05,120862.95,-1,-24.950000000000045,-2.900000000000091,1284.9333863681645,1246.2075,1207.4816136318354,0.782014203527128,-18.93338636816452,33.56838636816451,14.634999999999991,10.637500000000022,up
1668528000000,1263.05,1273.5,1232.2,1255.95,229084.5,-1,-41.299999999999955,-7.099999999999909,1287.775399541409,1247.26,1206.744600458591,0.8312320784664607,-14.275399541408888,25.45539954140895,11.180000000000064,1.9515000000000782,up
1668513600000,1259.3,1290,1256.8,1263.05,254953.18,1,33.200000000000045,3.75,1288.1895410783795,1247.4625,1206.7354589216206,0.6539210763663313,1.8104589216204658,50.06454107837931,51.87499999999977,-10.411999999999898,up
1668499200000,1264.75,1278.7,1253.55,1259.3,179290.58,-1,-25.15000000000009,-5.4500000000000455,1288.519967247895,1247.5875,1206.6550327521052,0.7194162874572829,-9.819967247894965,46.89496724789478,37.07499999999982,-24.254999999999836,up
1668484800000,1255.7,1275.5,1246.2,1264.75,113650.07,1,29.299999999999955,9.049999999999955,1288.4827168494103,1247.5700000000002,1206.65728315059,0.6390765619634469,-12.98271684941028,39.54271684941,26.559999999999718,-35.950499999999785,up
1668470400000,1242.55,1267.6,1235.4,1255.7,119603.01,1,32.19999999999982,13.150000000000091,1292.7476924875086,1248.7350000000001,1204.7223075124916,0.94663252550566,-25.14769248750872,30.677692487508466,5.529999999999745,-44.22849999999971,up
1668456000000,1215.75,1251.4,1209.65,1242.55,164318.11,1,41.75,26.799999999999955,1294.8444750812496,1249.6174999999998,1204.39052491875,0.7623710734286884,-43.44447508124949,5.259475081250002,-38.18499999999949,-50.62799999999963,up
1668441600000,1244.8,1249.3,1207.05,1215.75,218039.75,-1,-42.25,-29.049999999999955,1295.7522157513986,1250.4575,1205.1627842486014,0.5981626648106887,-46.452215751398626,1.8872157513985712,-44.565000000000055,-48.37699999999963,up
1668427200000,1251.4,1298,1234.5,1244.8,449239.74,-1,-63.5,-6.600000000000136,1296.933919860233,1253.4099999999999,1209.8860801397668,0.7457269481780262,1.0660801397671094,24.61391986023318,25.68000000000029,-41.59249999999956,up
1668412800000,1259.5,1275.8,1250.9,1251.4,172555.8,-1,-24.899999999999864,-8.099999999999909,1299.6272099519417,1255.0549999999998,1210.482790048058,0.7540259953950705,-23.827209951941768,40.41720995194214,16.590000000000373,-42.16549999999952,up
1668398400000,1192.95,1261.65,1174.9,1259.5,418081.94,1,86.75,66.54999999999995,1299.5545441251138,1254.3874999999998,1209.2204558748858,0.3191435778402442,-37.904544125113716,-34.32045587488574,-72.22499999999945,-38.308499999999505,down
1668384000000,1220.5,1229.9,1170.3,1192.95,309670.59,-1,-59.600000000000136,-27.549999999999955,1305.3728002335595,1256.3274999999999,1207.2821997664403,0.9278952295135517,-75.47280023355938,-36.98219976644032,-112.4549999999997,-25.211499999999525,down
1668369600000,1228.2,1236.85,1199.05,1220.5,188176.06,-1,-37.799999999999955,-7.7000000000000455,1303.010313153257,1261.2274999999997,1219.4446868467426,0.855678540491993,-66.160313153257,-20.394686846742616,-86.55499999999961,-9.60699999999954,down
1668355200000,1230.95,1237.4,1215.1,1228.2,114548.35,-1,-22.300000000000182,-2.75,1310.9172690872133,1266.1899999999998,1221.4627309127864,1.0987398861258868,-73.51726908721321,-6.362730912786446,-79.87999999999965,1.9660000000004403,down
1668340800000,1239.7,1248.8,1223.1,1230.95,110551.63,-1,-25.700000000000045,-8.75,1318.7654165508313,1264.0599999999997,1209.354583449168,-0.21711363286207427,-69.96541655083138,13.745416550831806,-56.21999999999957,15.201500000000397,down
1668326400000,1250.3,1252.45,1213.1,1239.7,208294.85,-1,-39.350000000000136,-10.599999999999909,1324.1083717732688,1262.0074999999997,1199.9066282267306,-0.080567534247062,-71.65837177326875,13.193371773269291,-58.46499999999946,24.173000000000343,down
1668312000000,1271.2,1273.6,1228.05,1250.3,136007.77,-1,-45.549999999999955,-20.90000000000009,1331.4899184287756,1258.6624999999997,1185.8350815712238,-0.08949295370102908,-57.88991842877567,42.21491842877617,-15.6749999999995,30.52950000000028,down
1668297600000,1256.5,1272.95,1252.7,1271.2,91041.37,1,20.25,14.700000000000045,1351.4519741240852,1251.1849999999997,1150.9180258759143,-0.25017223424848156,-78.50197412408511,101.78197412408576,23.280000000000655,29.41600000000019,down
1668283200000,1268.05,1268.5,1246.1,1256.5,81347.12,-1,-22.40000000000009,-11.549999999999955,1350.1246716920823,1247.3249999999996,1144.5253283079169,0.24063633121453584,-81.6246716920823,101.57467169208303,19.950000000000728,26.883500000000094,down
1668268800000,1274.1,1278.2,1262.15,1268.05,86781.07,-1,-16.049999999999955,-6.0499999999999545,1351.7780156205622,1242.5949999999998,1133.4119843794374,0.13045992299555773,-73.57801562056216,128.7380156205627,55.16000000000054,18.175999999999977,up
1668254400000,1260,1286.75,1252.25,1274.1,142437.66,1,34.5,14.099999999999909,1349.1283232767073,1240.1274999999998,1131.1266767232923,0.40170945798453134,-62.378323276707306,121.12332327670765,58.745000000000346,4.49599999999989,up
1668240000000,1265.55,1274.9,1248.85,1260,147540.51,-1,-26.050000000000182,-5.5499999999999545,1349.0223765116218,1240.08,1131.137623488378,0.6517774857631836,-74.12237651162172,117.71237651162187,43.590000000000146,-3.283000000000152,up
1668225600000,1258.95,1276.8,1237.7,1265.55,216295.61,1,39.09999999999991,6.599999999999909,1355.7414806949107,1242.6625,1129.583519305089,0.8050412179878493,-78.94148069491075,108.11648069491093,29.175000000000182,-15.648000000000184,up
1668211200000,1288.05,1291.55,1253.05,1258.95,139103.91,-1,-38.5,-29.09999999999991,1365.5947378063759,1246.0625,1126.5302621936241,0.865957760038411,-74.0447378063759,126.51973780637582,52.47499999999991,-36.081000000000245,up
1668196800000,1273.35,1294.95,1236.05,1288.05,220608.97,1,58.90000000000009,14.700000000000045,1371.6965461144825,1248.7525,1125.8084538855176,0.7602708387375141,-76.7465461144825,110.24154611448239,33.49499999999989,-74.76950000000026,up
1668182400000,1259.35,1287.5,1232.5,1273.35,314556.28,1,55,14,1411.0686609758072,1257.45,1103.8313390241929,1.1657719794609254,-123.56866097580723,128.66866097580714,5.099999999999909,-118.71400000000031,up
1668168000000,1274.8,1309.05,1199.3,1259.35,878161.54,-1,-109.75,-15.450000000000045,1448.373012586217,1267.5800000000002,1086.7869874137832,1.0762667401225807,-139.32301258621715,112.51301258621675,-26.8100000000004,-172.90150000000034,up
1668153600000,1277.7,1294.25,1262.05,1274.8,232736.29,-1,-32.200000000000045,-2.900000000000091,1484.4435487988992,1279.1725000000001,1073.901451201101,1.016457389487302,-190.1935487988992,188.1485487988989,-2.0450000000003,-228.0555000000004,up
1668139200000,1238.05,1288.35,1226,1277.7,318706.2,1,62.34999999999991,39.65000000000009,1518.5457546243663,1290.7375000000002,1062.929245375634,0.9726837057663072,-230.19575462436637,163.07075462436592,-67.12500000000045,-283.52900000000034,up
1668124800000,1298.3,1308.65,1220.1,1238.05,386467.53,-1,-88.55000000000018,-60.25,1562.6326641053133,1305.1950000000002,1047.757335894687,1.0081909846201862,-253.98266410531323,172.3426641053129,-81.64000000000033,-332.02450000000033,up
1668110400000,1290.95,1345,1282.5,1298.3,358906.34,1,62.5,7.349999999999909,1608.579593278453,1323.2725,1037.965406721547,0.9842632842119888,-263.5795932784531,244.53459327845303,-19.045000000000073,-382.4165000000004,up
1668096000000,1319.75,1351.35,1244.45,1290.95,541399.03,-1,-106.89999999999986,-28.799999999999955,1645.8258872736042,1337.93,1030.034112726396,0.9116976070140159,-294.47588727360426,214.41588727360408,-80.06000000000017,-425.1905000000003,up
1668081600000,1185.6,1345.55,1184,1319.75,889557.7,1,161.54999999999995,134.1500000000001,1676.6794515088131,1352.3525000000002,1028.0255484911872,0.8500287270973691,-331.1294515088132,155.97445150881276,-175.15500000000043,-461.79150000000044,up
1668067200000,1189.9,1219.55,1173.7,1185.6,342725.24,-1,-45.84999999999991,-4.300000000000182,1698.801817321995,1363.8300000000002,1028.8581826780053,0.7768441857031139,-479.2518173219951,144.84181732199477,-334.4100000000003,-491.83150000000023,up
1668052800000,1172.8,1205.85,1155.95,1189.9,276310.43,1,49.899999999999864,17.100000000000136,1721.7538384909599,1383.8750000000002,1045.9961615090406,0.7998486097930357,-515.90383849096,109.95383849095947,-405.9500000000005,-493.03750000000036,up
1668038400000,1100.75,1184.85,1083.9,1172.8,444626.15,1,100.94999999999982,72.04999999999995,1737.373541173181,1402.7625000000003,1068.1514588268196,0.7463868188896089,-552.523541173181,15.748541173180456,-536.7750000000005,-477.5050000000002,down
1668024000000,1194,1199.25,1071.6,1100.75,876221.24,-1,-127.65000000000009,-93.25,1753.283292851949,1424.6000000000001,1095.9167071480513,0.7813498647820049,-554.033292851949,-24.316707148051364,-578.3500000000004,-445.7220000000003,down
1668009600000,1161.9,1205.25,1139.4,1194,794229.94,1,65.84999999999991,32.09999999999991,1754.368503355387,1450.7150000000001,1147.0614966446133,0.7837691613890325,-549.118503355387,-7.66149664461318,-556.7800000000002,-413.29000000000013,down
1667995200000,1218.7,1247.35,1144.55,1161.9,1073939.07,-1,-102.79999999999995,-56.799999999999955,1759.9346207172484,1471.9900000000002,1184.045379282752,0.7561430035271427,-512.5846207172485,-39.49537928275208,-552.0800000000006,-371.0545000000002,down
1667980800000,1273.15,1275.3,1129.1,1218.7,1459271.79,-1,-146.20000000000005,-54.450000000000045,1751.9807770416269,1494.98,1237.9792229583732,0.7465362195762446,-476.6807770416269,-108.87922295837325,-585.5600000000002,-323.3590000000001,down
1667966400000,1311.65,1318.15,1265.2,1273.15,313789.24,-1,-52.950000000000045,-38.5,1743.7983140041479,1515.0675,1286.3366859958523,0.7303635836273659,-425.6483140041478,-21.136685995852304,-446.7850000000001,-269.6410000000001,down
1667952000000,1333.55,1337.05,1282.35,1311.65,380599.17,-1,-54.700000000000045,-21.899999999999864,1737.302465888396,1532.7350000000001,1328.1675341116043,0.7291786711850712,-400.25246588839605,-45.817534111604346,-446.0700000000004,-231.9875000000001,down
1667937600000,1312.75,1343.8,1278.2,1333.55,628106.7,1,65.59999999999991,20.799999999999955,1730.5281436714874,1548.7775,1367.0268563285124,0.7303224305255492,-386.7281436714875,-88.82685632851235,-475.55499999999984,-197.50550000000013,down
1667923200000,1462,1580,1201.25,1312.75,3167995.08,-1,-378.75,-149.25,1719.9130794313269,1563.8600000000001,1407.8069205686734,0.7285760725131799,-139.91307943132688,-206.55692056867338,-346.47000000000025,-158.6420000000001,down
1667908800000,1475.95,1486.75,1423.95,1462,507719.38,-1,-62.799999999999955,-13.950000000000045,1690.4576814744162,1580.6625,1470.8673185255836,0.8102936717485958,-203.70768147441618,-46.917318525583596,-250.62499999999977,-130.6815000000001,down
1667894400000,1491.2,1493.1,1468.15,1475.95,195207,-1,-24.949999999999818,-15.25,1689.4141525563564,1590.0975,1490.7808474436438,0.8050973751134617,-196.31415255635648,-22.630847443643688,-218.94500000000016,-110.04200000000017,down
1667880000000,1506.1,1513.25,1429.9,1491.2,707580.22,-1,-83.34999999999991,-14.899999999999864,1685.7102077591644,1598.59,1511.4697922408354,0.770947471397839,-172.4602077591644,-81.56979224083534,-254.02999999999975,-87.16350000000018,down
1667865600000,1566.85,1576,1502,1506.1,341625.17,-1,-74,-60.75,1680.0845439340892,1606.2125,1532.340456065911,0.7533942341801377,-104.0845439340892,-30.340456065910985,-134.42500000000018,-57.88100000000024,down
1667851200000,1599.6,1606.4,1545,1566.85,254292.81,-1,-61.40000000000009,-32.75,1673.1634505350291,1613.2625,1553.361549464971,0.7824454344861543,-66.76345053502905,-8.361549464970949,-75.125,-40.09000000000028,down
1667836800000,1591.45,1607.65,1576.3,1599.6,165622.77,1,31.350000000000136,8.149999999999864,1672.295990548894,1616.1650000000002,1560.0340094511064,0.5778090669216958,-64.6459905488939,16.26599054889357,-48.38000000000034,-28.37900000000034,down
1667822400000,1579.4,1592.95,1566.8,1591.45,196399.19,1,26.15000000000009,12.049999999999955,1673.3799880095912,1615.0000000000002,1556.6200119904092,0.16855080551196394,-80.42998800959117,10.179988009590716,-70.25000000000045,-17.522000000000368,down
1667808000000,1549.3,1583.5,1544.75,1579.4,186953.49,1,38.75,30.100000000000136,1673.5723851947541,1614.7500000000002,1555.9276148052463,0.2594453208051471,-90.07238519475413,-11.177614805246321,-101.25000000000045,-2.5855000000003883,down
1667793600000,1586.5,1593.95,1545.5,1549.3,226041.34,-1,-48.450000000000045,-37.200000000000045,1677.12869476344,1613.185,1549.2413052365598,-0.00892429848464468,-83.17869476344003,-3.7413052365598105,-86.91999999999985,17.281999999999606,down
1667779200000,1567.65,1594.5,1563.1,1586.5,179824.58,1,31.40000000000009,18.84999999999991,1680.3834447843535,1612.2325,1544.0815552156466,-0.10147735485849181,-85.88344478435351,19.018444784353278,-66.86500000000024,37.034499999999504,down
1667764800000,1609.55,1613.1,1562.8,1567.65,284997.65,-1,-50.299999999999955,-41.899999999999864,1683.8742480655371,1610.065,1536.255751934463,0.0467031452441809,-70.77424806553722,26.544248065536976,-44.230000000000246,56.975499999999464,down
1667750400000,1623.05,1625.5,1601.9,1609.55,173723.16,-1,-23.59999999999991,-13.5,1686.2998323011604,1608.7800000000002,1531.26016769884,0.06894901590879796,-60.79983230116045,70.63983230116014,9.83999999999969,76.7014999999994,down
1667736000000,1619.5,1633.7,1614.8,1623.05,89857.21,1,18.90000000000009,3.5499999999999545,1689.4542167379009,1604.8525000000002,1520.2507832620995,0.06352836060763387,-55.75421673790083,94.54921673790045,38.79499999999962,91.61549999999934,down
1667721600000,1621.7,1638.4,1606.8,1619.5,145724.57,-1,-31.600000000000136,-2.2000000000000455,1689.1117932383465,1600.8575000000003,1512.603206761654,0.1730612308902018,-50.711793238346445,94.19679323834589,43.484999999999445,103.58249999999926,down
1667707200000,1620.45,1623.2,1613.15,1621.7,51156.86,1,10.049999999999955,1.25,1688.10641475844,1597.1825000000003,1506.2585852415607,0.21854214517721515,-64.90641475843995,106.8914147584394,41.984999999999445,111.92949999999925,down
1667692800000,1626.5,1632.95,1611.15,1620.45,132632.4,-1,-21.799999999999955,-6.0499999999999545,1688.4882579995106,1591.9550000000004,1495.4217420004902,0.11254286061504384,-55.538257999510506,115.72825799950988,60.18999999999937,119.0254999999992,down
1667678400000,1632.5,1634.45,1620.05,1626.5,81826.9,-1,-14.400000000000091,-6,1686.3222484281496,1587.6925000000003,1489.062751571851,0.23389113915138626,-51.87224842814953,130.98724842814886,79.11499999999933,118.60849999999917,down
1667664000000,1635.2,1642,1623.95,1632.5,87031.24,-1,-18.049999999999955,-2.7000000000000455,1682.0228287381956,1584.2625000000003,1486.502171261805,0.3651676997189748,-40.022828738195585,137.44782873819508,97.4249999999995,112.22149999999915,down
1667649600000,1648.8,1649,1622.4,1635.2,136793.37,-1,-26.59999999999991,-13.599999999999909,1676.3187357874945,1580.3975000000005,1484.4762642125065,0.36865525765418855,-27.31873578749446,137.92373578749357,110.60499999999911,98.49249999999913,up
1667635200000,1650.7,1650.8,1635.4,1648.8,92679.94,-1,-15.399999999999864,-1.900000000000091,1669.5870627145798,1576.8275000000003,1484.0679372854208,0.4297781295062489,-18.78706271457986,151.33206271457925,132.5449999999994,82.14999999999911,up
1667620800000,1645.8,1658.2,1642.6,1650.7,58278.67,1,15.600000000000136,4.900000000000091,1660.8800291683385,1573.8850000000004,1486.8899708316624,0.5923328617369237,-2.6800291683384785,155.71002916833754,153.02999999999906,65.30749999999905,up
1667606400000,1643.65,1666.1,1633.35,1645.8,158453.38,1,32.75,2.1499999999998636,1649.8443405323776,1570.2350000000004,1490.625659467623,0.5468852018499241,16.25565946762231,142.7243405323768,158.9799999999991,44.67299999999907,up
1667592000000,1647.1,1653.1,1638.85,1643.65,130631.76,-1,-14.25,-3.449999999999818,1638.5295132753834,1566.7425000000005,1494.9554867246177,0.5641306803270847,14.570486724616558,143.89451327538222,158.46499999999878,23.10049999999908,up
1667577600000,1624.9,1647.9,1605.5,1647.1,325023.39,1,42.40000000000009,22.199999999999818,1625.9068718561496,1563.2225000000003,1500.538128143851,0.5799840510726598,21.993128143850527,104.96187185614895,126.95499999999947,3.135499999999115,up
1667563200000,1576.3,1680,1553.6,1624.9,896768.5,1,126.40000000000009,48.600000000000136,1611.549423772932,1560.3275000000006,1509.1055762270692,0.7818373254389303,68.45057622706804,44.49442377293076,112.9449999999988,-16.952000000000886,up
1667548800000,1586.45,1599,1574.25,1576.3,174143.59,-1,-24.75,-10.150000000000091,1602.9086124063058,1558.6150000000005,1514.3213875936951,0.8616209906988682,-3.9086124063057923,59.928612406304865,56.01999999999907,-39.42300000000084,up
1667534400000,1548.1,1588,1545.45,1586.45,224014.91,1,42.549999999999955,38.350000000000136,1604.3679114639426,1559.1025000000004,1513.8370885360582,0.7976610520978644,-16.36791146394262,31.612911463941828,15.244999999999209,-46.13000000000081,up
1667520000000,1530.25,1549.2,1527.7,1548.1,102908.74,1,21.5,17.84999999999991,1602.3237593697545,1558.3825000000004,1514.4412406302463,0.6555201215899521,-53.12375936975445,13.258759369753761,-39.86500000000069,-52.914000000000804,up
1667505600000,1543.15,1543.4,1522,1530.25,137861.86,-1,-21.40000000000009,-12.900000000000091,1602.8274290186425,1559.1100000000006,1515.3925709813586,0.5404872848136837,-59.42742901864244,6.607429018641369,-52.82000000000107,-54.86750000000082,up
1667491200000,1541.95,1548.8,1537.35,1543.15,95240.23,1,11.450000000000045,1.2000000000000455,1602.8144389914512,1561.0150000000006,1519.21556100855,0.5877404120363865,-54.01443899145124,18.134438991449997,-35.880000000001246,-51.89850000000079,up
1667476800000,1531,1555.7,1520.75,1541.95,276029.38,1,34.950000000000045,10.950000000000045,1613.1652533908334,1564.8825000000004,1516.5997466091674,1.0759561757983667,-57.46525339083337,4.150253390832631,-53.31500000000074,-49.81700000000076,down
1667462400000,1543.15,1555.8,1522.05,1531,168235.49,-1,-33.75,-12.150000000000091,1615.5822540637832,1567.2975000000004,1519.0127459362175,0.7376785431036886,-59.782254063783284,3.037254063782484,-56.7450000000008,-47.92150000000076,down
1667448000000,1546,1557.8,1540.7,1543.15,110723.39,-1,-17.09999999999991,-2.849999999999909,1615.5005143567373,1569.8425000000004,1524.1844856432635,0.6320414408058962,-57.70051435673736,16.515514356736503,-41.185000000000855,-45.96350000000079,up
1667433600000,1517.15,1556.2,1514.2,1546,201137.69,1,42,28.84999999999991,1616.8585078050714,1572.1600000000003,1527.4614921949292,0.6939662066082711,-60.658507805071395,-13.261492194929133,-73.92000000000053,-45.18500000000076,down
1667419200000,1535.2,1536.55,1500.05,1517.15,267079.61,-1,-36.5,-18.049999999999955,1617.6056076156467,1574.1825000000003,1530.759392384354,0.6412554360294038,-81.05560761564675,-30.709392384354032,-111.76500000000078,-38.02900000000077,down
1667404800000,1557.9,1622.25,1522,1535.2,1208555.7,-1,-100.25,-22.700000000000045,1612.5394683249833,1577.6500000000003,1542.7605316750173,0.6268291038081331,9.710531675016682,-20.76053167501732,-11.050000000000637,-28.313000000000763,up
1667390400000,1555.2,1566.6,1543,1557.9,163729.23,1,23.59999999999991,2.7000000000000455,1611.916057315358,1581.0975000000003,1550.2789426846425,0.8740035551325441,-45.316057315358194,-7.278942684642516,-52.59500000000071,-29.25100000000075,down
1667376000000,1563.8,1578,1531.8,1555.2,218523.96,-1,-46.200000000000045,-8.599999999999909,1619.7015669165926,1584.6000000000004,1549.4984330834081,1.1174938016728322,-41.70156691659258,-17.69843308340819,-59.40000000000077,-30.384000000000743,down
1667361600000,1589.95,1599.55,1553.15,1563.8,176674.28,-1,-46.399999999999864,-26.15000000000009,1623.7983262114876,1587.9150000000004,1552.0316737885132,0.9679750115981185,-24.248326211487665,1.118326211486874,-23.13000000000079,-29.335500000000753,up
1667347200000,1577.7,1594.85,1571.4,1589.95,125035.73,1,23.449999999999818,12.25,1627.128711592159,1590.6575000000005,1554.1862884078419,0.8837615858917345,-32.2787115921592,17.213711592158234,-15.065000000000964,-27.92550000000074,up
1667332800000,1575.95,1582.45,1567.75,1577.7,75911.09,1,14.700000000000045,1.75,1631.2804666638751,1592.2800000000004,1553.2795333361257,0.8861492255924616,-48.830466663875086,14.470466663874276,-34.36000000000081,-22.389000000000713,down
1667318400000,1573.25,1586,1566.8,1575.95,134680.32,1,19.200000000000045,2.7000000000000455,1636.9453797272072,1594.9825000000005,1553.0196202727939,0.9380955291798199,-50.94537972720718,13.780379727206082,-37.1650000000011,-17.597500000000696,down
1667304000000,1589.2,1597.7,1562.7,1573.25,272415.75,-1,-35,-15.950000000000045,1638.7134188987222,1596.9000000000003,1555.0865811012784,0.7080671762591924,-41.01341889872219,7.613418898721648,-33.400000000000546,-13.552500000000668,down
1667289600000,1590.65,1613.5,1580,1589.2,209988.68,-1,-33.5,-1.4500000000000455,1638.3541808822397,1597.9300000000003,1557.505819117761,0.44953515555595397,-24.85418088223969,22.494180882239107,-2.360000000000582,-7.782500000000686,up
1667275200000,1586.05,1601.95,1579.25,1590.65,118847.59,1,22.700000000000045,4.600000000000136,1638.3511399647755,1597.9025000000004,1557.4538600352253,0.38562656237567117,-36.40113996477544,21.79613996477474,-14.6050000000007,-4.923500000000695,down
1667260800000,1572.05,1604,1567.7,1586.05,150413.07,1,36.299999999999955,14,1640.7786567504832,1596.0650000000003,1551.3513432495174,0.028499757520448768,-36.77865675048315,16.348656750482633,-20.43000000000052,0.5649999999992815,down
1667246400000,1562.65,1576.95,1548.3,1572.05,134039.25,1,28.65000000000009,9.399999999999864,1642.3744948312303,1594.5875000000003,1546.8005051687703,0.10148676293085103,-65.42449483123028,1.4994948312296401,-63.92500000000064,10.601999999999226,down
1667232000000,1568.35,1582.9,1553.85,1562.65,208031.86,-1,-29.050000000000182,-5.699999999999818,1646.0688153777573,1592.8325000000004,1539.5961846222435,-0.02485319094180873,-63.168815377757255,14.253815377756382,-48.91500000000087,29.248999999999228,down
1667217600000,1620.5,1625.1,1545,1568.35,543031.28,-1,-80.09999999999991,-52.15000000000009,1656.1569972669392,1589.5650000000003,1522.9730027330613,-0.19276342343472017,-31.056997266939334,22.02699726693868,-9.030000000000655,44.26649999999927,down
1667203200000,1590.25,1634.35,1577.5,1620.5,274648.3,1,56.84999999999991,30.25,1664.3205568444203,1585.7750000000003,1507.2294431555804,-0.09344540764194284,-29.970556844420344,70.27055684441962,40.29999999999927,56.31299999999926,down
1667188800000,1581.9,1595.5,1578.25,1590.25,95931.6,1,17.25,8.349999999999909,1664.0140029955376,1580.0975000000003,1496.180997004463,0.06416498907318444,-68.51400299553757,82.06900299553695,13.554999999999382,68.94449999999931,down
1667174400000,1589.5,1595.5,1560.3,1581.9,193922.67,-1,-35.200000000000045,-7.599999999999909,1664.862016109508,1576.2575000000004,1487.6529838904928,0.14557393484111092,-69.36201610950798,72.64701610950715,3.2849999999991724,81.86949999999938,down
1667160000000,1586.45,1598.55,1576.2,1589.5,110975.44,1,22.34999999999991,3.0499999999999545,1664.0234994242587,1575.2250000000004,1486.426500575742,0.4213106072140302,-65.47349942425876,89.77349942425803,24.299999999999272,96.42549999999946,down
1667145600000,1586.5,1596.35,1575.7,1586.45,128250.98,-1,-20.649999999999864,-0.049999999999954525,1662.5096741065506,1572.9100000000003,1483.31032589345,0.3342069862627532,-66.15967410655071,92.38967410655005,26.229999999999336,103.80799999999954,down
1667131200000,1604.15,1606.95,1575.5,1586.5,213291.69,-1,-31.450000000000045,-17.65000000000009,1660.9935374144195,1571.0850000000005,1481.1764625855815,0.3824638871468788,-54.04353741441946,94.32353741441852,40.27999999999906,108.28649999999959,down
1667116800000,1627.95,1628.3,1590.75,1604.15,228991.06,-1,-37.549999999999955,-23.799999999999955,1659.4036165725443,1569.5550000000005,1479.7063834274568,0.4240110726191572,-31.103616572544297,111.04361657254321,79.93999999999892,110.92049999999968,down
1667102400000,1621.5,1639.05,1617.6,1627.95,118687.99,1,21.450000000000045,6.4500000000000455,1655.6873265356235,1567.0525000000002,1478.417673464377,0.42693334828835827,-16.637326535623515,139.1823265356229,122.54499999999939,108.96049999999977,up
1667088000000,1618.65,1623.95,1605.1,1621.5,93625.71,1,18.850000000000136,2.849999999999909,1648.011389009515,1563.8950000000002,1479.7786109904855,0.5053794510835301,-24.06138900951487,125.3213890095144,101.25999999999954,96.95799999999983,up
1667073600000,1622.4,1631.3,1602.1,1618.65,136138.22,-1,-29.200000000000045,-3.75,1640.845208913485,1560.9825000000003,1481.1197910865155,0.5141962377112457,-9.545208913485112,120.98020891348438,111.43499999999926,85.64199999999991,up
1667059200000,1631.75,1666.75,1616.6,1622.4,347659.65,-1,-50.15000000000009,-9.349999999999909,1633.8085582839346,1558.3675,1482.9264417160655,0.5529055409718433,32.941441716065356,133.67355828393443,166.61499999999978,76.1165,up
1667044800000,1614.3,1643.2,1606.85,1631.75,319074.06,1,36.350000000000136,17.450000000000045,1624.1336443319422,1553.6225,1483.1113556680577,0.3147633239575279,19.066355668057895,123.73864433194217,142.80500000000006,63.97549999999999,up
1667030400000,1593.85,1654.8,1589.6,1614.3,531771.1,1,65.20000000000005,20.450000000000045,1610.3478242360145,1547.7775,1485.2071757639853,0.2368760638366054,44.45217576398545,104.39282423601458,148.84500000000003,60.2155,up
1667016000000,1588.65,1606.75,1574.1,1593.85,215646.68,1,32.65000000000009,5.199999999999818,1601.6010248408359,1541.3625,1481.123975159164,0.04047264482089773,5.148975159164138,92.97602484083586,98.125,61.486999999999966,up
1667001600000,1553.9,1593.55,1546.7,1588.65,201689.7,1,46.84999999999991,34.75,1599.8407801613043,1534.6175,1469.3942198386958,-0.08006512255184078,-6.290780161304383,77.30578016130426,71.01499999999987,70.96649999999995,up
1666987200000,1556.5,1575,1551.25,1553.9,144466.61,-1,-23.75,-2.599999999999909,1592.512783852382,1529.815,1467.1172161476181,0.20321917527722688,-17.512783852381972,84.13278385238186,66.61999999999989,83.38399999999994,down
1666972800000,1536.95,1572.75,1532.55,1556.5,305969.69,1,40.200000000000045,19.549999999999955,1603.7614456072233,1522.48,1441.1985543927767,-0.2091409308655018,-31.011445607223322,91.35144560722324,60.33999999999992,100.65049999999994,down
1666958400000,1497.3,1550,1476.5,1536.95,592887.98,1,73.5,39.65000000000009,1622.057082272585,1511.99,1401.922917727415,-0.25086027805594774,-72.05708227258492,74.5770822725849,2.519999999999982,119.19599999999996,down
1666944000000,1492.55,1509.4,1483.65,1497.3,197827.25,1,25.75,4.75,1633.224701720501,1502.475,1371.725298279499,-0.09589046074117025,-123.8247017205008,111.92470172050116,-11.899999999999636,147.70449999999997,down
1666929600000,1506.95,1519.15,1486.95,1492.55,180992.66,-1,-32.200000000000045,-14.400000000000091,1642.2648627846345,1494.96,1347.6551372153656,-0.0022237460562433073,-123.1148627846344,139.29486278463446,16.180000000000064,178.8274999999999,down
1666915200000,1513.45,1524.8,1495.35,1506.95,257486.1,-1,-29.450000000000045,-6.5,1649.039339032643,1487.4725,1325.905660967357,0.05228281723463536,-124.2393390326431,169.4443390326428,45.2049999999997,208.75799999999987,down
1666900800000,1561.25,1562.7,1501.15,1513.45,505928.27,-1,-61.549999999999955,-47.799999999999955,1652.1866677011171,1479.3225,1306.4583322988829,0.108442565627425,-89.48666770111709,194.69166770111724,105.20500000000015,234.54249999999985,down
1666886400000,1543.2,1564.9,1538.05,1561.25,172273.21,1,26.850000000000136,18.049999999999955,1652.8584043928693,1470.6950000000002,1288.531595607131,0.14374018911045072,-87.95840439286917,249.5184043928689,161.55999999999972,249.87299999999976,down
1666872000000,1549.95,1583.55,1529.9,1543.2,622104.65,-1,-53.649999999999864,-6.75,1644.3716242697421,1460.265,1276.158375730258,0.20773729509501807,-60.82162426974219,253.74162426974203,192.91999999999985,257.31849999999974,down
1666857600000,1555.9,1561.05,1534,1549.95,257193.64,-1,-27.049999999999955,-5.9500000000000455,1637.429099731172,1449.93,1262.430900268828,0.19751854765534602,-76.37909973117212,271.56909973117195,195.18999999999983,261.7939999999997,down
1666843200000,1554.1,1570.45,1548.45,1555.9,126274.96,1,22,1.800000000000182,1626.4719938787237,1439.8075000000001,1253.1430061212766,0.25274488982363036,-56.021993878723606,295.30699387872346,239.28499999999985,266.4964999999996,down
1666828800000,1564.8,1576.8,1529.3,1554.1,225235.45,-1,-47.5,-10.700000000000045,1611.7049565380485,1430.1525,1248.6000434619514,0.3145095327149025,-34.90495653804851,280.6999565380486,245.79500000000007,252.04199999999963,down
1666814400000,1563.25,1584.2,1541.3,1564.8,303984.78,1,42.90000000000009,1.5499999999999545,1596.1270543368364,1418.9475,1241.7679456631636,0.24899050758728708,-11.927054336836363,299.5320543368364,287.605,230.4129999999996,up
1666800000000,1566.35,1571.95,1540.1,1563.25,315774.57,-1,-31.850000000000136,-3.099999999999909,1575.909637569651,1406.3600000000001,1236.8103624303492,0.22482984529628247,-3.959637569651022,303.2896375696507,299.3299999999997,205.7229999999996,up
1666785600000,1527.5,1594.7,1507.55,1566.35,718659.55,1,87.15000000000009,38.84999999999991,1552.3112207366876,1393.3825000000002,1234.4537792633128,0.21785307405643253,42.38877926331247,273.0962207366872,315.4849999999997,179.20699999999957,up
1666771200000,1514.85,1556.8,1507.25,1527.5,400781.05,1,49.549999999999955,12.650000000000091,1522.0809909557072,1380.5000000000002,1238.9190090442933,0.2464348867904784,34.71900904429276,268.33099095570674,303.0499999999995,153.15949999999958,up
1666756800000,1486,1521.95,1476.05,1514.85,267631.94,1,45.90000000000009,28.84999999999991,1496.977931664723,1369.7450000000003,1242.5120683352777,0.2746456076673895,24.972068335277072,233.53793166472224,258.5099999999993,127.11399999999962,up
1666742400000,1458.95,1498.65,1456.65,1486,244682.11,1,42,27.049999999999955,1470.1749896806368,1359.6425000000004,1249.110010319364,0.28810528861087215,28.475010319363264,207.53998968063615,236.01499999999942,105.62349999999972,up
1666728000000,1492.6,1494.5,1445.2,1458.95,386743.22,-1,-49.299999999999955,-33.649999999999864,1446.6887973520613,1351.0125000000003,1255.3362026479392,0.30343877720519913,47.81120264793867,189.86379735206083,237.6749999999995,87.88599999999978,up
1666713600000,1407.2,1526,1403.9,1492.6,994085.17,1,122.09999999999991,85.39999999999986,1426.726366192402,1343.8425000000002,1260.9586338075983,0.32932444334628624,99.27363380759789,142.9413661924018,242.2149999999997,70.07349999999985,up
1666699200000,1346.7,1417.75,1345.9,1407.2,668680.37,1,71.84999999999991,60.5,1383.3994470803384,1334.4550000000004,1285.5105529196624,0.19756528302989654,34.350552919661595,60.38944708033773,94.73999999999933,55.66249999999993,up
1666684800000,1346.65,1349.15,1338.45,1346.7,76896.47,1,10.700000000000045,0.049999999999954525,1367.4002114426087,1329.0475000000001,1290.6947885573916,0.10892595501508695,-18.250211442608588,47.75521144260847,29.50499999999988,55.26700000000003,down
1666670400000,1347,1351.15,1342.8,1346.65,59735.77,-1,-8.350000000000136,-0.34999999999990905,1366.3138022588075,1326.6225000000002,1286.9311977411928,0.14195556227065745,-15.163802258807436,55.868802258807136,40.7049999999997,56.586000000000034,down
1666656000000,1342.8,1348.75,1333.9,1347,84829.06,1,14.849999999999909,4.2000000000000455,1364.5522140299936,1324.2400000000002,1283.9277859700069,0.1869435156647436,-15.802214029993593,49.97221402999321,34.16999999999962,54.0840000000001,down
1666641600000,1343.95,1359,1340.05,1342.8,112778.49,-1,-18.950000000000045,-1.150000000000091,1361.9626513892106,1322.02,1282.0773486107894,0.25690146591963786,-2.9626513892105777,57.97265138921057,55.00999999999999,52.18450000000016,up
1666627200000,1340.9,1352,1330,1343.95,128790.69,1,22,3.0499999999999545,1359.9310405526974,1319.7025,1279.4739594473028,0.21099498415135762,-7.931040552697368,50.52604055269717,42.5949999999998,49.260500000000164,down
1666612800000,1352.65,1352.95,1323.15,1340.9,327698.1,-1,-29.799999999999955,-11.75,1359.3212562211609,1316.2475,1273.173743778839,0.019457975902475236,-6.37125622116082,49.976256221161066,43.605000000000246,47.795500000000196,down
1666598400000,1336.5,1354,1331.45,1352.65,154120.03,1,22.549999999999955,16.15000000000009,1357.0949977111466,1313.405,1269.7150022888534,0.16405354156712734,-3.0949977111465614,61.73499771114666,58.6400000000001,47.226000000000205,up
1666584000000,1347.5,1347.5,1332.25,1336.5,143241.79,-1,-15.25,-11,1351.3471574778189,1310.1,1268.852842522181,0.21452578262315194,-3.8471574778188824,63.397157477819064,59.55000000000018,""
1666569600000,1362.8,1369.65,1343.25,1347.5,143377.68,-1,-26.40000000000009,-15.299999999999955,1348.4538816598588,1307.3974999999998,1266.3411183401408,0.19617999697729016,21.19611834014131,76.90888165985916,98.10500000000047,""
1666555200000,1330,1371.05,1328.2,1362.8,279145.56,1,42.84999999999991,32.799999999999955,1342.068201063942,1304.2324999999998,1266.3967989360576,0.2352698716201276,28.981798936057885,61.803201063942424,90.78500000000031,""
1666540800000,1313.05,1334.3,1310.5,1330,181824.86,1,23.799999999999955,16.950000000000045,1327.7006795813522,1301.0525,1274.4043204186478,0.4652415281437029,6.5993204186477215,36.095679581352215,42.694999999999936,""
1666526400000,1303.7,1315.95,1298.7,1313.05,84006.33,1,17.25,9.349999999999909,1322.5882844489208,1299.4824999999998,1276.3767155510789,0.4809030504471544,-6.6382844489207855,22.323284448921186,15.6850000000004,""
1666512000000,1308.7,1311.25,1300.75,1303.7,65852.06,-1,-10.5,-5,1320.8791836671546,1298.4125,1275.9458163328452,0.3494993720438079,-9.62918366715462,24.804183667154803,15.175000000000182,""
1666497600000,1312.4,1314.15,1306,1308.7,46415.72,-1,-8.150000000000091,-3.7000000000000455,1320.9938358253455,1297.19,1273.3861641746546,0.12316997706524688,-6.843835825345423,32.613835825345404,25.769999999999982,""
1666483200000,1312.8,1313.9,1306,1312.4,49741.76,-1,-7.900000000000091,-0.3999999999998636,1319.7831185594914,1295.9775,1272.1718814405085,0.25788278781347124,-5.883118559491322,33.828118559491486,27.945000000000164,""
1666468800000,1313.4,1317.15,1311.1,1312.8,49989,-1,-6.050000000000182,-0.6000000000001364,1317.757040532128,1295.1699999999998,1272.5829594678717,0.5239075145427738,-0.6070405321279395,38.51704053212825,37.91000000000031,""
1666454400000,1315.55,1319.85,1305.4,1313.4,91858.76,-1,-14.449999999999818,-2.1499999999998636,""
1666440000000,1304.85,1317.85,1302.2,1315.55,159541.26,1,15.649999999999864,10.700000000000045,""
1666425600000,1299.05,1307.9,1298.85,1304.85,68745.34,1,9.050000000000182,5.7999999999999545,""
1666411200000,1298.2,1300,1294.25,1299.05,29957.8,1,5.75,0.849999999999909,""
1666396800000,1299,1303.75,1293.3,1298.2,44074.05,-1,-10.450000000000045,-0.7999999999999545,""
1666382400000,1302.6,1306.4,1296.5,1299,56450.22,-1,-9.900000000000091,-3.599999999999909,""
1666368000000,1296.45,1305.6,1293.65,1302.6,202628.75,1,11.949999999999818,6.149999999999864,""
1666353600000,1274.85,1297.45,1251.85,1296.45,487626.43,1,45.600000000000136,21.600000000000136,""
1666339200000,1284.05,1284.4,1272.35,1274.85,135728.92,-1,-12.050000000000182,-9.200000000000045,""
1666324800000,1286.55,1290.4,1281.9,1284.05,78414.72,-1,-8.5,-2.5,""
1666310400000,1282.45,1291.65,1278.1,1286.55,79737.7,1,13.550000000000182,4.099999999999909,""
1666296000000,1284.2,1287.3,1270.4,1282.45,126790.61,-1,-16.899999999999864,-1.75,""
1666281600000,1299.2,1299.25,1276.5,1284.2,243962.64,-1,-22.75,-15,""
1666267200000,1298.6,1310,1290.1,1299.2,222680.59,1,19.90000000000009,0.6000000000001364,""
1666252800000,1291.65,1301.9,1288.75,1298.6,115084.74,1,13.150000000000091,6.949999999999818,""
1666238400000,1279.25,1295.5,1279.05,1291.65,114969.34,1,16.450000000000045,12.400000000000091,""
1666224000000,1284.45,1287.45,1269.3,1279.25,153470.14,-1,-18.15000000000009,-5.2000000000000455,""
1666209600000,1296.25,1298.4,1277.6,1284.45,145001.79,-1,-20.800000000000182,-11.799999999999955,""
1666195200000,1304.05,1304.85,1291.25,1296.25,101854.83,-1,-13.599999999999909,-7.7999999999999545,""
